,Ceramide 2,Ceramide 3,Lactic Acid,PCA,Uric Acid,Urea,Melanin,Cholesterol
H013,0.0027203931605755153,0.26858157311175096,0.04106809820143532,0.07141011021840901,0.001353651686476305,0.004379893812773345,0.0,0.004877300666598106
