,Ceramide 2,Ceramide 3,Lactic Acid,PCA,Uric Acid,Urea,Melanin,Cholesterol
1,0.0,0.26539435331569194,0.0002751905052793156,0.06521244141446997,0.0,0.0,0.0,0.003588328386194087
2,0.0,0.2754427186347813,0.0259297046361739,0.051671813556145405,0.0,0.001493208060345292,0.0,0.0009020124927808425
3,0.0,0.2725758874815019,0.03037063083147264,0.06560295745710361,0.0,0.010277994551363823,0.0,0.0011412136556195182
4,0.013601965802877576,0.27880430858556876,0.0778911137657976,0.09682798139796311,0.005878503882352996,0.007798883870355262,0.0,0.012334415823275343
5,0.0,0.25069059754121087,0.07087385126845311,0.07773535726636295,0.0008897545500285293,0.0023293825818023477,0.0,0.006420532975120741
