,Ceramide 2,Ceramide 3,Lactic Acid,PCA,Uric Acid,Urea,Melanin,Cholesterol
H017,0.0,0.23641019541211758,0.03638245184084731,0.11422767584532155,0.003218849339114207,0.018633769356243602,2.009238008708475,0.0022511808332289114
