,Ceramide 2,Ceramide 3,Lactic Acid,PCA,Uric Acid,Urea,Melanin,Cholesterol
1,0.0,0.24164579780935472,0.03081353218999733,0.09404524233725822,0.0022053400368489554,0.012145348953220272,1.4170922153104761,0.001964687607554805
2,0.0,0.24207696076345706,0.02927128835993137,0.12313625593651895,0.0030428354299994894,0.02565279431575519,3.1309627214387667,0.003770320275797679
3,0.0,0.22743672415027924,0.024316163011929282,0.11155431829611438,0.0019886092289599483,0.015999240786009956,2.816988381756932,0.0007800684098170438
4,0.0,0.2266128124754584,0.0,0.13129792386360006,0.0038074040351285757,0.012703445780852612,3.856615878382847,0.0006428708308192036
5,0.0,0.24838336576638492,0.09134216513790752,0.11172072025075665,0.004943786139999241,0.03287416830276549,0.8218616294230535,0.004820667514517261
6,0.0,0.2323055115077711,0.04255156234531839,0.11361159438768102,0.0033251211637490325,0.01242761799885811,0.011907225938776543,0.0015284703608674749
