,Ceramide 2,Ceramide 3,Lactic Acid,PCA,Uric Acid,Urea,Melanin,Cholesterol
1,0.0,0.15990163991901543,0.011348182207373275,0.1910646823471725,0.002674861151284313,0.0023088279699976515,8.852343824043539,0.0
2,0.0,0.4711684264921375,0.015048695401987664,0.12540684302125915,0.0,0.050621527291390266,29.46232751572037,0.0
3,0.0,0.21094642497575647,0.045720035247272535,0.21264004268506767,0.0003431436794082389,0.009661922617066969,18.116158244936955,0.0
4,0.0,0.2556460722286009,0.24641594409927953,0.18681413964858493,0.010982943594768948,0.0,11.791682395943472,0.0
5,0.0,0.20769567031048883,0.06315964654525522,0.20544190893677045,0.001228964932290214,0.0013383440868070533,9.333808072607104,0.0
