,Ceramide 2,Ceramide 3,Lactic Acid,PCA,Uric Acid,Urea,Melanin,Cholesterol
1,0.0,0.31064605701675146,0.0732023625258916,0.08659610403421356,0.0,0.0206032153088386,3.913343841286264,0.0047265480762613546
2,0.0,0.24136489584762527,0.08837536556818115,0.08045402011146356,0.0,0.02867706489942944,3.5441713873965957,0.003250007744297021
3,0.0,0.29124287133177557,0.06935088965254244,0.10369851943544538,0.0,0.02409734778412219,2.829508095547757,0.0021530648816672922
4,0.0,0.23660927497558693,0.06749877827025688,0.10583235386211254,0.0,0.022889401391675186,4.676235891853312,0.00070946624427351
5,0.0,0.42835300232522383,0.14961191933148707,0.0783454105489646,0.0,0.030802215541494638,7.050980707893239,0.002015211915088725
6,0.0,0.32849106239967407,0.16323806045846048,0.06929506614227277,0.0,0.03277210594543952,5.911097118248628,0.007388092788945862
