,Ceramide 2,Ceramide 3,Lactic Acid,PCA,Uric Acid,Urea,Melanin,Cholesterol
1,0.0,0.20906708276349234,0.050488592752712114,0.11403013577060253,0.0006662192939283543,0.01044650553049342,0.7898909322702199,0.0
2,0.0,0.13068830267410034,0.0,0.11703502210458389,0.006120940394650616,0.0,4.434329125850013,0.00048385624285481906
