,Ceramide 2,Ceramide 3,Lactic Acid,PCA,Uric Acid,Urea,Melanin,Cholesterol
1,0.0,0.18121560208479007,0.14882907171814191,0.17871504091351367,0.0,0.07271705375682123,10.928457183497684,0.0
2,0.0,0.2367667603618736,0.19145676100905615,0.19212914597205846,0.0,0.08730064870141284,13.388822972554994,0.0
3,0.0,0.23304900288127942,0.1746259566846865,0.19198874059393123,0.0,0.05706605274272423,17.11220220008379,0.0
4,0.0,0.32101251321281216,0.15535333318631772,0.14144124858525392,0.0,0.09358463194169105,17.1015296294702,0.0
5,0.0,0.22394829519565806,0.2853377602524792,0.2839305741378899,0.0028069813822861507,0.0424443967083267,18.518433855495818,0.0
6,0.0,0.27735945332119916,0.1657459419750132,0.25560984499730394,0.0,0.04441486240765509,15.74289669779302,0.0
