,Ceramide 2,Ceramide 3,Lactic Acid,PCA,Uric Acid,Urea,Melanin,Cholesterol
H049,0.0,0.24617018459724999,0.07999937556504892,0.11314034050126463,0.0020502879493668534,0.04040415720312,2.954458776296154,0.002814242791910434
