,Ceramide 2,Ceramide 3,Lactic Acid,PCA,Uric Acid,Urea,Melanin,Cholesterol
1,0.0,0.20958446257452137,0.08328614483240734,0.10946647350300666,0.0005509106693716773,0.04164990425625096,2.271339858642079,0.0029604741580264325
2,0.0,0.27442880725934377,0.059913072097922855,0.12065652726053672,0.0010920708860270812,0.022095766844924265,2.6550437858438825,0.0
3,0.0,0.24857879818076717,0.026634886911757173,0.09147065078304076,0.0,0.030317417404343582,2.9033811392021827,0.0
4,0.0,0.23691992618920116,0.07275320871197567,0.08906033350168792,0.0,0.03909998861737772,4.806867783480569,0.00030400892983329124
5,0.0,0.22876523739892227,0.02561329343582229,0.12053398094725512,0.0,0.05678405824966215,5.834275680350451,0.0028734938766600587
6,0.0,0.26333072588903006,0.191009435432435,0.14536720255463334,0.008395882845787541,0.04607075441427004,2.2103031865539147,0.00817050152616523
7,0.0,0.2615833346889642,0.10078558753302216,0.11542721495869193,0.004313151244381675,0.046811210635011244,0.0,0.0053912210526880265
