,Ceramide 2,Ceramide 3,Lactic Acid,PCA,Uric Acid,Urea,Melanin,Cholesterol
H036,0.0,0.2502577444466557,0.08979548490904396,0.08465289801777,0.0009441320013003939,0.023389436883017763,1.3229431526521749,0.006451724515424603
