,Ceramide 2,Ceramide 3,Lactic Acid,PCA,Uric Acid,Urea,Melanin,Cholesterol
1,0.0,0.28517973977358446,0.10975380643454449,0.06655957744245042,0.0,0.03753248359691688,3.4008154457934943,0.006977785644313062
2,0.0,0.2432417984684833,0.08459374823866553,0.07205829408806871,0.0,0.009613503627591825,0.0,0.008391010422003428
3,0.0,0.25329016990227127,0.04985510008142957,0.06994333609484074,0.001065065556288414,0.0031150406154610475,0.0,0.002930089350636253
4,0.0,0.19365888417169075,0.030336853147936237,0.07516230777467808,0.0,0.024630761652037276,1.2089708255635048,0.0009565516025773373
5,0.0,0.2644903773855194,0.04119570148904649,0.11198976612535738,0.0,0.020342351911565856,2.833295517416097,0.003915386518607456
6,0.0,0.2616441391393654,0.07223428065840698,0.14020619150631483,0.0,0.046609404390372894,2.9198203483855965,0.010024267387108588
7,0.0,0.2588643347556949,0.2034289478005996,0.07626560319122372,0.003774238363818563,0.02962910881440964,0.2206430840587076,0.011422534402081946
8,0.0,0.24169251197663644,0.12696544142172275,0.06503810791922607,0.0027137520902961744,0.01564284045578668,0.0,0.0069961707960687495
