,Ceramide 2,Ceramide 3,Lactic Acid,PCA,Uric Acid,Urea,Melanin,Cholesterol
H003,0.0,0.2860444717168429,0.20349557420493242,0.13403794395935148,0.005142278617879319,0.04336404356634907,6.105144436562996,0.005564006788482393
