,Ceramide 2,Ceramide 3,Lactic Acid,PCA,Uric Acid,Urea,Melanin,Cholesterol
H020,0.0,0.16913271501784224,0.11430016390875546,0.09875621823435377,0.0,0.06253267767780132,4.569280219926776,0.0005152340269586113
