,Ceramide 2,Ceramide 3,Lactic Acid,PCA,Uric Acid,Urea,Melanin,Cholesterol
H009,0.0,0.22447762143694933,0.07124835993411645,0.12597900773971496,0.0017355309711555808,0.020881057069915106,6.005151842341802,0.0022617120338389337
