,Ceramide 2,Ceramide 3,Lactic Acid,PCA,Uric Acid,Urea,Melanin,Cholesterol
1,0.0,0.23419320018464748,0.08927312245785571,0.1043224275617587,0.0018378536671968169,0.02456794689423364,3.4801090615323425,0.004651789653613024
2,0.0,0.2234141609672862,0.06950864516160445,0.14966714770350267,0.0029832832607084385,0.011418472904289188,5.226796433392328,0.0015805681307681188
3,0.0,0.2276098535837532,0.0,0.13064182705949137,0.0013765262034821123,0.01784063323040224,7.8746295402875495,0.0
4,0.0,0.22273002543176168,0.0,0.14749397239178913,0.0007257707861786967,0.005934358195886345,10.471257159036838,0.0
5,0.0,0.21417270981830255,0.03255027564990384,0.154554498177895,0.0,0.05452177177803555,14.397123175777141,0.0
6,0.0,0.22657979970523281,0.20613674728433226,0.08671050326282986,0.0034439150274248394,0.018520964367782708,0.0,0.004599046121421182
7,0.0,0.2226436003676615,0.10126972898511886,0.1084626780207377,0.0017813678530981625,0.013363252118776066,0.5861475263664188,0.005000580331070209
