,Ceramide 2,Ceramide 3,Lactic Acid,PCA,Uric Acid,Urea,Melanin,Cholesterol
H044,0.0,0.2834351787517463,0.09297521315437125,0.0824347323949689,0.0030940612102252105,0.026292580139279882,0.44780649788614274,0.007856030864735379
