,Ceramide 2,Ceramide 3,Lactic Acid,PCA,Uric Acid,Urea,Melanin,Cholesterol
1,0.0,0.29470640594144953,0.10352321136519378,0.05827494060852992,0.0030554165391390863,0.02728977269419969,0.0,0.011807977127215648
2,0.0,0.2747857649540853,0.02242331342463418,0.07323472625855153,0.0007610482066722117,0.012851425570975242,0.0,0.007680088306100504
3,0.0,0.28328535601623905,0.013303248638357952,0.09056580677055416,0.0036881951851684205,0.011773055421201611,0.0,0.007633979213212854
4,0.0,0.24768280764850376,0.01616698200065121,0.08757732573282995,0.0016418297923202834,0.012979112675205226,0.7940057247608362,0.0025273862982985377
5,0.0,0.2575798668637944,0.042457742499954654,0.07013476016522109,0.0004123628502579432,0.013872676000817733,2.340639760442163,0.0029159204111158647
6,0.0,0.27866256179276566,0.2637324470243954,0.11248580742782369,0.005237853514872172,0.07006036337439862,0.0,0.0093615136694473
7,0.0,0.3473434880453864,0.1892195471274116,0.08476975980127197,0.006861722383146355,0.03522165523816106,0.0,0.013065351027756935
