,Ceramide 2,Ceramide 3,Lactic Acid,PCA,Uric Acid,Urea,Melanin,Cholesterol
H027,0.0,0.20218184380864335,0.15043235121744858,0.07848007336818326,0.004904215830080096,0.023238197114472676,0.19533895814140906,0.003541157098063747
