,Ceramide 2,Ceramide 3,Lactic Acid,PCA,Uric Acid,Urea,Melanin,Cholesterol
1,0.0,0.19826825951779783,0.1254479791026195,0.08133708656445747,0.00584890774985691,0.0,0.0,0.00525977791508035
2,0.0,0.15743765504372717,0.10540015437207098,0.06080175161964818,0.0016802036713088608,0.005337639036348659,0.0,0.0027344637758236045
3,0.0,0.20010631853271543,0.09961951538206272,0.05802724432656279,0.001954444887275571,0.05766054293985084,0.7538735722427741,0.0024482445193754433
4,0.0,0.23387350973289975,0.2510141198953042,0.10310082181918474,0.008386756234866425,0.03668107943407079,0.0,0.0042458085301275905
5,0.0,0.22122347621607644,0.17067998733518544,0.0891334625110631,0.006650766607092713,0.016511724162093098,0.22282121846427116,0.003017490749911745
