,Ceramide 2,Ceramide 3,Lactic Acid,PCA,Uric Acid,Urea,Melanin,Cholesterol
H003,0.0,0.29689607912179566,0.2459436208564659,0.13309972446540025,0.011945500807966261,0.01680868647995386,0.27756318990619117,0.008778543214700094
