,Ceramide 2,Ceramide 3,Lactic Acid,PCA,Uric Acid,Urea,Melanin,Cholesterol
H002,0.0,0.24403918434214772,0.04412588540972488,0.11490867765446798,0.00018172665126730392,0.028141128531736663,3.2185974214167508,0.002911590078579577
