,Ceramide 2,Ceramide 3,Lactic Acid,PCA,Uric Acid,Urea,Melanin,Cholesterol
1,0.0,0.2964819128156009,0.044707322415032086,0.08109788693209882,0.0,0.01815038812305902,1.8587557355592343,0.0005969352768784485
2,0.0,0.24495722767418632,0.04869505210557328,0.12733630019695044,0.0003514658103654334,0.019705903373134166,0.4509297298343394,0.003134840179981537
3,0.0,0.2659922335765401,0.020533188756925634,0.1394383467490505,0.0010982617992176926,0.025824581020224866,3.5932923534869556,0.001957342349986953
4,0.0,0.31849350442327834,0.0005724125709638764,0.1394936875386534,0.0,0.02732430439868095,4.5452881966074665,0.0018802625155307907
5,0.0,0.1963792340995657,0.011263307951890511,0.1364072727811426,0.0,0.03895675274640428,4.140199817499992,0.0
6,0.0,0.21506117449499298,0.021134057651351436,0.13458185216394683,0.0,0.04101266181475155,7.572685723466545,0.002045220252131119
7,0.0,0.16550985476476757,0.054651872924343654,0.1453487662643006,0.0,0.043944627243544226,6.806225236296221,0.006352790047882352
8,0.0,0.2466149106432268,0.13514346783222062,0.06942188822791613,0.0,0.017235523869619608,0.0,0.0035642958411776582
9,0.0,0.24686260658717069,0.06043228647922288,0.061052098036152525,0.00018581225182260925,0.02111541419621134,0.0,0.006672624243647332
