,Ceramide 2,Ceramide 3,Lactic Acid,PCA,Uric Acid,Urea,Melanin,Cholesterol
EC006,0.0,0.19169195817751508,0.10407287923246802,0.038865039188479486,0.0006685274038232214,0.0013182136908560438,0.006642569128849203,0.0016689783199295934
