,Ceramide 2,Ceramide 3,Lactic Acid,PCA,Uric Acid,Urea,Melanin,Cholesterol
H034,0.0,0.2257733061102319,0.04925374395206226,0.1206861686587578,0.004713026761182415,0.03229534145553437,2.318009399535182,0.005601297796963401
