,Ceramide 2,Ceramide 3,Lactic Acid,PCA,Uric Acid,Urea,Melanin,Cholesterol
1,0.0,0.21201981580520843,0.05165584974821658,0.1365416205041609,0.004439534918205077,0.015505275947302216,0.45624934205119355,0.007264544473857291
2,0.0,0.23409281803829757,0.04192208984223646,0.14055364394687023,0.005598226504486832,0.0038163693047116474,2.646562845945456,0.008197338701700004
3,0.0,0.22572838030052972,0.022187538920515695,0.13303043472714204,0.002884432620127687,0.014698587982599407,3.8694008755963774,0.0038263057827706043
4,0.0,0.1920456567828825,0.0,0.10246801928060091,0.0012218169264629677,0.0175005905287267,3.3492815406166065,0.0018801416525570196
5,0.0,0.22888183279871332,0.0,0.13860839573978398,0.0,0.17454656642540062,5.904571192536638,0.0008147454659127303
6,0.0,0.2268960859391731,0.16047630563100013,0.09682045021719725,0.005996748568258771,0.0,0.0,0.003737613420775395
7,0.0,0.260748553106819,0.06853442352246693,0.09678061619554928,0.01285042779073557,0.0,0.0,0.013488395081170765
