,Ceramide 2,Ceramide 3,Lactic Acid,PCA,Uric Acid,Urea,Melanin,Cholesterol
H016,0.0,0.18882711793958679,0.06583829667541057,0.16639990603686988,0.002210529630694079,0.0497279447859859,9.932655189163054,0.0010209729854896434
