,Ceramide 2,Ceramide 3,Lactic Acid,PCA,Uric Acid,Urea,Melanin,Cholesterol
1,0.0,0.1749529135589404,0.0686325716567121,0.10270255754167575,0.0,0.01680407414699065,3.989987540291768,0.0
2,0.0,0.15950086721225862,0.05571564298773972,0.11291384368173703,0.0,0.0059899262671664535,5.085908984587967,0.0
3,0.0,0.16967906620740275,0.05115257548402239,0.10410754132777289,0.0,0.013373915638403166,5.076401531864427,0.0
4,0.0,0.18740202223071362,0.016899606779626323,0.11286377845395328,0.0,0.029476266063740476,5.6975576743572836,0.0
5,0.0,0.1754872366523743,0.07162315285006149,0.12836955828756116,0.0,0.017748259059084368,2.7587028200227124,0.0
6,0.0,0.17443374406063109,0.057986482053028525,0.1460504395300262,0.00024360162611302902,0.015195882452892377,3.3672272032623756,0.0018044453740721088
