,Ceramide 2,Ceramide 3,Lactic Acid,PCA,Uric Acid,Urea,Melanin,Cholesterol
1,0.0,0.22593802758216094,0.0613575357722132,0.09480574926079105,0.0,0.03798247237190705,6.357221322269772,0.0
2,0.0,0.1651637035642722,0.08921128098587572,0.1562363369322,0.0035465865553479746,0.013780843885182746,11.001961886101473,0.0
3,0.0,0.23669539758077252,0.08372786837272968,0.17621207789360513,0.0,0.048173543627181736,10.358695409357647,0.0
