,Ceramide 2,Ceramide 3,Lactic Acid,PCA,Uric Acid,Urea,Melanin,Cholesterol
H050,0.0,0.11572366593777494,0.29556851153085884,0.14905579708697478,0.0,0.08496572754751879,14.409277500061158,0.0041758205968432
