,Ceramide 2,Ceramide 3,Lactic Acid,PCA,Uric Acid,Urea,Melanin,Cholesterol
1,0.0,0.17475816406957637,0.09416297251595684,0.10808722050076693,0.0,0.07106889290248393,11.712749004429147,0.0025082463142356622
2,0.0,0.05668916780597351,0.4969740505457608,0.19002437367318262,0.0,0.09886256219255364,17.10580599569317,0.005843394879450738
