,Ceramide 2,Ceramide 3,Lactic Acid,PCA,Uric Acid,Urea,Melanin,Cholesterol
H013,0.0,0.17880722966746243,0.08326371067583163,0.12339806726574584,0.0005584438069257672,0.041082697227636564,7.498836560275989,0.0011778853446459056
