,Ceramide 2,Ceramide 3,Lactic Acid,PCA,Uric Acid,Urea,Melanin,Cholesterol
1,0.0,0.18451098385961284,0.029086879961259297,0.11508018518507786,0.0007558814539496785,0.024349626759897172,4.668111225190406,0.0033241897363552766
2,0.0,0.15997187520390754,0.14419688883393786,0.09519750334294222,5.3220204582108844e-05,0.03410029131033342,7.051496292971534,0.001963010559369699
3,0.0,0.18480025819892842,0.04379859976995632,0.09526251064412274,0.0,0.02459409175818679,6.626400493071988,0.0
4,0.0,0.2364831817750752,0.0121691754164488,0.15225224970325615,0.0,0.03547223153225267,9.17802891908298,0.0
5,0.0,0.158705128907005,0.059108958007815945,0.19410862112056126,0.0,0.06296456218516487,12.22930726394294,0.0
6,0.0,0.1606718161819385,0.08128277937198097,0.10494114443719758,0.0,0.0737160897063349,12.373702037862987,0.0006109233341925007
7,0.0,0.1551743596839218,0.15663523408184218,0.10961687019666722,0.0005409146763875541,0.03978328068007348,2.867551437805551,0.0028366969979235672
8,0.0,0.19014023352931017,0.13983116996341166,0.12072545349614172,0.0031175341204867963,0.033681403888849236,4.996094812279523,0.0006882621293262003
