,Ceramide 2,Ceramide 3,Lactic Acid,PCA,Uric Acid,Urea,Melanin,Cholesterol
1,0.0,0.0,0.7581431301176895,0.30505022168411844,0.0,0.2220712859005307,17.899404157529958,0.0
2,0.0,0.1281850270552643,0.6148345846855967,0.3986765735701873,0.006196986306326534,0.12974957748887744,24.632327440684087,0.011907115970592784
3,0.0,0.18269282171936913,0.547186578008262,0.35945952552261645,0.0,0.1925021468023085,22.765522065962365,0.0
