,Ceramide 2,Ceramide 3,Lactic Acid,PCA,Uric Acid,Urea,Melanin,Cholesterol
H002,0.005735105719264736,0.20773683832197956,0.0643414937148194,0.05895126063040968,0.003131194877179259,0.008936674172244266,0.3754026052220973,0.0050727596126715485
