,Ceramide 2,Ceramide 3,Lactic Acid,PCA,Uric Acid,Urea,Melanin,Cholesterol
EC003,0.0,0.15626413652347174,0.03925280952158211,0.09378578039288493,0.0006245864945412955,0.027029755624349974,3.5550981443732472,0.0022850613387731472
