,Ceramide 2,Ceramide 3,Lactic Acid,PCA,Uric Acid,Urea,Melanin,Cholesterol
EC007,0.0,0.2698977965708851,0.029494307152504996,0.04023873005302613,0.000755563196595791,0.001808668730173157,0.6712957908359718,0.009051658501520338
