,Ceramide 2,Ceramide 3,Lactic Acid,PCA,Uric Acid,Urea,Melanin,Cholesterol
1,0.0,0.22085682200920487,0.0,0.011779403187068186,0.0007022106746328602,0.0,0.0,0.0067621247907601705
2,0.0,0.2075568617701177,0.0,0.012497661612957758,0.00017475042295340482,0.0,0.0,0.006830264639684184
3,0.0,0.319538394783545,0.0635105989809894,0.04542699628925498,0.0005480355411573188,0.0,0.0,0.0076829889345330455
4,0.0,0.37271178725555715,0.10492199759993882,0.055350066265667484,0.0,0.007144324812125725,1.0425948635739928,0.012816051240059979
5,0.0,0.28753215244710456,0.016052115713821404,0.06399411064852746,0.0,0.0,0.4856787509997126,0.007212220416954913
6,0.0,0.24543577706042435,0.024370310348686967,0.10674406844548681,0.0003288689991713455,0.00732502502925953,3.8420927121140687,0.009375171410009006
7,0.0,0.25211041331513245,0.027099434576603347,0.017484583477536116,0.003055889385236958,0.0,0.0,0.011849501173563072
8,0.0,0.25344016392599483,0.0,0.008632950497710226,0.0012347505496144407,0.0,0.0,0.009884945406598329
