,Ceramide 2,Ceramide 3,Lactic Acid,PCA,Uric Acid,Urea,Melanin,Cholesterol
1,0.0,0.22708350182825454,0.086785125025267,0.06057444760594393,0.0,0.012226594993102465,0.0,0.00588684521198454
2,0.0,0.21362757888024933,0.06265418243124882,0.07024929539294979,0.0,0.01439056670782715,0.0,0.007658465307231159
3,0.0,0.24017892839746635,0.09000842318787663,0.08733222135734109,0.00017514250381393551,0.007843886138226286,0.2910606605288863,0.005821276982285007
4,0.0,0.2643186824853538,0.027590155377303666,0.09019907700533182,0.0,0.012337987611059906,1.0751913145924916,0.004600819516415062
5,0.0,0.20540050356805067,0.059230132881431447,0.12255570036561819,0.0,0.019212005616072374,1.808268449328755,0.0018431627007471521
6,0.0,0.21520477157025983,0.07844871691833662,0.13240591343809455,0.0,0.03895823622506394,6.84142662671444,0.0027825957131382534
7,0.0,0.19488034129168474,0.03814146355680839,0.1123972068062174,0.0,0.04282287778693785,8.792709617023235,0.0016389951881510712
8,0.0,0.4000034130147851,0.20655998495275923,0.13243814412642657,0.00650034483223273,0.01172733269284086,0.9213758318523252,0.008346019997944036
9,0.0,0.2994289955048305,0.13990519336311588,0.10666761587686314,0.003786261868920465,8.194421855324058e-05,0.0,0.009234568063650708
