,Ceramide 2,Ceramide 3,Lactic Acid,PCA,Uric Acid,Urea,Melanin,Cholesterol
H007,0.0,0.18686828644453599,0.0879524946056954,0.11675171809461453,0.0017289516433000578,0.021344915219077158,2.125783690247318,0.002459423884608973
