,Ceramide 2,Ceramide 3,Lactic Acid,PCA,Uric Acid,Urea,Melanin,Cholesterol
1,0.0,0.18744014896955113,0.11318959592038697,0.12630682023129533,0.0032490729219269284,0.01712655278793058,2.5868356089186415,0.006899241474360391
2,0.0,0.2878478877879638,0.030317666113617345,0.12089434406072815,0.001545044934980968,0.0,3.9403913758138054,0.0
3,0.0,0.1508207855137283,0.08959587170265325,0.12694332384954096,0.0,0.044554570914854395,4.101691466504142,0.0
4,0.0,0.07820115036288139,0.10509538643362673,0.07971299891513424,0.00037153654275029024,0.03354751302238533,0.0,0.0034984690888158667
5,0.0,0.23003145958855528,0.1015639528581927,0.12990110341637398,0.003479103816842101,0.01149593937021549,0.0,0.0018994088598686084
