,Ceramide 2,Ceramide 3,Lactic Acid,PCA,Uric Acid,Urea,Melanin,Cholesterol
EC019,0.0,0.5098078504217646,0.21715833483134425,0.07228272440302269,0.0,0.0,1.2627443793115982,0.0014921120922513674
