,Ceramide 2,Ceramide 3,Lactic Acid,PCA,Uric Acid,Urea,Melanin,Cholesterol
1,0.0,0.20714992613186697,0.12129343614629576,0.1034314515882467,0.0,0.0242287505640091,1.2331117952053068,0.0038720687767309094
2,0.0,0.27530627851495687,0.0731373811250879,0.11588423054657215,0.0017606224800313219,0.02463738902391823,2.0885949962674744,0.005133780828326161
