,Ceramide 2,Ceramide 3,Lactic Acid,PCA,Uric Acid,Urea,Melanin,Cholesterol
1,0.0,0.056703558868343266,0.23502087987802722,0.24536770301490687,0.0,0.051625900138676274,16.620007283053738,0.005173287454131377
2,0.0,0.21570221179802992,0.4417708481304412,0.21367752462115272,0.0,0.1135322070494726,15.638317175455553,0.0
3,0.0,0.10036422510955642,0.4347135174500842,0.23872772996168334,0.0,0.104361793146127,11.763087160689398,0.0
4,0.0,0.1822488294826595,0.3043033387151919,0.2364067187695298,0.0021684456162305524,0.1085703195549097,11.36095758620015,0.0
5,0.0,0.14772689417144505,0.3894091033498485,0.19298388076429668,0.0047481141497605385,0.09626090132707214,16.252790476015477,0.0
6,0.0,0.15159788105767555,0.37364573830406833,0.1524742402135004,0.0038196613922317282,0.06800029167783944,13.770395439398131,0.0
7,0.0,0.13911907833844311,0.156789942805417,0.13954188297856737,0.0,0.05625018508330552,7.124073476387956,0.0
8,0.0,0.15412108420064927,0.47906190944650234,0.2911040123386274,0.0008726791217115263,0.13825044687216487,24.136964979162606,0.0
9,0.0,0.16444756003591626,0.5793733230353632,0.23487176340081636,0.0,0.1273308386206119,24.323600993904765,0.0
