,Ceramide 2,Ceramide 3,Lactic Acid,PCA,Uric Acid,Urea,Melanin,Cholesterol
EC024,0.0,0.21461792426338783,0.06699612764277219,0.0848146748586934,0.0,0.01927772979623451,3.1827396537431545,0.0
