,Ceramide 2,Ceramide 3,Lactic Acid,PCA,Uric Acid,Urea,Melanin,Cholesterol
1,0.0,0.13852301829830888,0.0,0.13972850344852705,0.000600658787355515,0.008727409896515628,7.867560767496624,0.0
2,0.0,0.14789501643935896,0.0,0.14943010229482634,0.0,0.0338148734611771,15.122727807492847,0.0
3,0.0,0.07067344997415186,0.0,0.12969677577041094,0.0,0.006421081612159306,15.424082214687067,0.0
4,0.0,0.08604033714737258,0.008101731262846922,0.15149661118348628,0.0,0.03222736661020259,18.106044588753743,0.0
5,0.0,0.1645225259034129,0.028455896909600306,0.10272490917245974,0.0,0.012875343678854068,6.791065471545684,0.0
6,0.0,0.1931235588840847,0.034837353938896275,0.09659724241070407,0.0,0.02802374705212653,7.022942896852986,0.0
