,Ceramide 2,Ceramide 3,Lactic Acid,PCA,Uric Acid,Urea,Melanin,Cholesterol
EC008,0.0,0.19257346393088684,0.03756704909426507,0.09398376385042487,0.0019620876146325245,0.010999244811632381,0.5153003968030394,0.0009011459232436799
