,Ceramide 2,Ceramide 3,Lactic Acid,PCA,Uric Acid,Urea,Melanin,Cholesterol
1,0.0,0.18029816455403153,0.016985256903702808,0.04003794749218597,0.0,0.029465226795528134,10.397691091918093,0.002480222395927764
2,0.0,0.1807247814683194,0.06756701363778024,0.03668755727223316,0.0,0.03654118458364945,9.674939157214464,0.004145476678167193
3,0.0,0.15541570453467257,0.0,0.0416811375792939,0.0,0.03748353360152731,8.108960293650053,0.0
4,0.0,0.22718174060223303,0.0,0.039647005659248294,0.0,0.01790189118588442,4.618780102121698,0.0018177611826996488
5,0.0,0.187078858011589,0.07040611628431019,0.04051640420121289,0.0,0.025237580044955694,4.017669535641381,0.004528426815912767
