,Ceramide 2,Ceramide 3,Lactic Acid,PCA,Uric Acid,Urea,Melanin,Cholesterol
H001,0.0,0.16391080678993436,0.07001575559985265,0.21515380702032105,0.0007506221262779712,0.11350513645092032,25.17161640600773,0.0008479652337203196
