,Ceramide 2,Ceramide 3,Lactic Acid,PCA,Uric Acid,Urea,Melanin,Cholesterol
1,0.0,0.22035682969381964,0.09956801612770255,0.11576161349293972,0.0,0.046700645113513455,5.028774990902004,0.0
2,0.0,0.23927521191626935,0.06860920495093663,0.11454532898686035,0.001598884530338257,0.03502538389892849,7.8135538415152865,0.0
3,0.0,0.22401889619907925,0.0037446449747933954,0.14240486087720391,0.0,0.03836951719808123,7.158447713926297,0.0
4,0.0,0.1618272810008243,0.03764575341905961,0.11196640086820749,0.0,0.043788711452713125,6.618781477444797,0.0
5,0.0,0.28112849339391033,0.08707076605574139,0.13681024476666473,0.0015310043552868337,0.05167476220283924,4.41273560147091,0.0
6,0.0,0.3157995292653079,0.16790949642368672,0.14025258801067106,0.00034393093623815476,0.05432700762480893,5.7428459150655975,0.0
