,Ceramide 2,Ceramide 3,Lactic Acid,PCA,Uric Acid,Urea,Melanin,Cholesterol
H002,0.0,0.2646159366857728,0.23611025733741958,0.12225486568257538,0.0037901470218182133,0.04299256280072636,2.669295154202298,0.005432514333490813
