,Ceramide 2,Ceramide 3,Lactic Acid,PCA,Uric Acid,Urea,Melanin,Cholesterol
1,0.0,0.7714876498408073,2.068865987252141,0.6828751306153168,0.06284353848092745,0.20244529458052823,34.88287975602433,0.036709147642996535
2,0.0,0.3281231454172841,0.35193380692227555,0.14591419664809943,0.008265950892338366,0.008989861399691554,4.269966411852081,0.00867032546910054
