,Ceramide 2,Ceramide 3,Lactic Acid,PCA,Uric Acid,Urea,Melanin,Cholesterol
EC002,0.0,0.170104121037384,0.08826310473479386,0.11713733701021604,0.0007296730823350506,0.02727032613529364,4.806420677327952,0.0010423048446660478
