,Ceramide 2,Ceramide 3,Lactic Acid,PCA,Uric Acid,Urea,Melanin,Cholesterol
1,0.0,0.13780466428532803,0.01205303645026032,0.10526902777958415,0.0009226356200401347,0.007519423413688339,4.621644768870733,0.0
2,0.0,0.1451882396815845,0.04917226763935931,0.1091077814318486,0.0003991937713230982,0.009639111227148067,4.442605461735331,0.0
3,0.0,0.12757287310523366,0.12247107382440464,0.11222804273416132,0.0006405553362625161,0.03470127819393872,6.264164148367709,0.0
4,0.0,0.22046415729659702,0.17292253909597352,0.12718140462703573,0.0,0.059574449406310695,4.606387335895907,0.0018265140315031987
5,0.0,0.21949067081817678,0.08469660666397147,0.13190042847845035,0.0016859806840495036,0.024917368435382364,4.097301671770084,0.0033850101918270403
