,Ceramide 2,Ceramide 3,Lactic Acid,PCA,Uric Acid,Urea,Melanin,Cholesterol
EC035,,0.1010037760021862,,0.1707916393082641,0.0,0.08232703962147486,,
