,Ceramide 2,Ceramide 3,Lactic Acid,PCA,Uric Acid,Urea,Melanin,Cholesterol
H011,0.0,0.22279047720904965,0.0920919189225544,0.15392152765817757,0.000333223056594536,0.050508831398612467,9.09300750690191,0.0006259559632848235
