,Ceramide 2,Ceramide 3,Lactic Acid,PCA,Uric Acid,Urea,Melanin,Cholesterol
1,0.0,0.20976248699451464,0.07614852496783692,0.15386061765313058,0.0,0.0552692945227265,5.949233753119253,0.004381691742993765
2,0.0,0.221731342258266,0.0734653251071993,0.20080466307317482,0.0,0.026262669105183014,7.794660413546817,0.0
3,0.0,0.2188610015495743,0.05279204559565279,0.16563001875648115,0.0,0.04267339587260406,9.301762671680908,0.0
4,0.0,0.1808087014129208,0.07449471887688286,0.1577781058230575,0.0,0.04179051475532626,10.600946620936757,0.0
5,0.0,0.18998189882900948,0.03027072794940507,0.10491777566909904,0.0,0.05435707619156016,15.572830964436468,0.0
6,0.0,0.2935598676957469,0.21278171665480144,0.16796229557831102,0.0023325613961617518,0.09345094713320064,10.409357424893896,0.0
7,0.0,0.2448280417233156,0.12469037330610244,0.12649721705398903,0.0,0.03975792220968667,4.022260699699275,0.0
