,Ceramide 2,Ceramide 3,Lactic Acid,PCA,Uric Acid,Urea,Melanin,Cholesterol
H016,0.007508006055745912,0.2538463243101117,0.02795841598094066,0.09221905460440914,0.0036906517945719934,0.003950131125426675,0.5628327372520578,0.003259890421655322
