,Ceramide 2,Ceramide 3,Lactic Acid,PCA,Uric Acid,Urea,Melanin,Cholesterol
1,0.0,0.05877839549472321,0.16611968541983352,0.13767169205141744,0.0,0.04141209909168856,11.285429096673079,0.0
2,0.0,0.1197274468277241,0.05083548079064181,0.14014307466634834,0.0002549007935181315,0.0031835893397879306,10.881621698866942,0.0
3,0.0,0.11889603029990894,0.0,0.16323201578553304,0.0,0.01103846303300844,17.63870163140803,0.0
4,0.0,0.14353907430028973,0.0,0.16111928623074825,0.0,0.0048831608358049375,14.128767928581324,0.0
5,0.0,0.11204586379998083,0.10883317616670331,0.20760569839872514,0.00449326196224056,0.006693465870588069,18.39455891167883,0.0
6,0.0,0.1029914885517136,0.03294315869316744,0.10645154934631879,0.0,0.041248119981743665,16.0498638852591,0.0
7,0.0,0.10822641680289925,0.09570827805912098,0.18885646756859867,0.0012085984064916535,0.02931031711694098,18.1039469624115,0.0
8,0.0,0.12230810829376229,0.07961684763792802,0.07199746002712425,0.0,0.017561384855219506,4.668469755311819,0.0
9,0.0,0.13851883111901783,0.0669548741322882,0.0840305266535737,0.0,0.009737343251857308,4.967193892251336,0.0
