,Ceramide 2,Ceramide 3,Lactic Acid,PCA,Uric Acid,Urea,Melanin,Cholesterol
H048,0.026054213048466363,0.23621363596172404,0.0420398208763173,0.04696334203218364,0.004684331917891538,0.009836745215560223,0.0,0.00783975840140037
