,Ceramide 2,Ceramide 3,Lactic Acid,PCA,Uric Acid,Urea,Melanin,Cholesterol
H014,0.0,0.20394800876207597,0.10123831627924836,0.10179513721781151,0.002374951314715913,0.0244462046401691,3.5338879113628425,0.0018077760184336477
