,Ceramide 2,Ceramide 3,Lactic Acid,PCA,Uric Acid,Urea,Melanin,Cholesterol
EC006,0.0,0.27073390805869474,0.12941835781223732,0.07084461665161063,0.0009290374623612715,0.005693657395402388,0.7333957729191841,0.0032871430949983167
