,Ceramide 2,Ceramide 3,Lactic Acid,PCA,Uric Acid,Urea,Melanin,Cholesterol
H006,0.0,0.18431446769935,0.12578530904036153,0.12826513924715005,0.0018312792913062126,0.04961695757045084,6.441627688132285,0.003512053227411936
