,Ceramide 2,Ceramide 3,Lactic Acid,PCA,Uric Acid,Urea,Melanin,Cholesterol
1,0.0,0.1683656424503099,0.1069508039882498,0.154363075347068,0.0014342887132119482,0.06362218676884882,9.547086544139315,0.0
2,0.0,0.18384780254635444,0.07611027358865537,0.1445562618968121,0.0,0.062040946486919914,12.14858166691318,0.0
3,0.0,0.18702054892715403,0.1941145147322545,0.12328175702058616,0.002484829621643337,0.034847620832983726,1.2466280935089902,0.010528365049156696
4,0.0,0.19802387687358164,0.12596564385228645,0.09085946272413395,0.0034059988303695647,0.03795707619305092,2.8242144479676514,0.0035198478604910473
