,Ceramide 2,Ceramide 3,Lactic Acid,PCA,Uric Acid,Urea,Melanin,Cholesterol
1,0.0,0.18794286773558116,0.022776211523567264,0.08160676431316202,0.0015429633230306086,0.005609409896824594,0.0,0.0020204798886678263
2,0.0,0.153154602422714,0.05298726225081811,0.03898824226734328,0.0,0.004085211667689438,0.0,0.0
3,0.0,0.166587848771284,0.065396466453112,0.04848219775121498,0.0,0.0072597568994821095,0.0,0.0
4,0.0,0.17688702452752036,0.0301492279992354,0.04854056668422572,0.0,0.002837412146231352,0.0,0.0
5,0.0,0.1657363314237963,0.02909811881010884,0.06543665303095549,0.00017102845155014164,0.0,0.0,0.0
6,0.0,0.16624139370949798,0.055713771926941394,0.053492788420317086,0.0,0.0,0.0,0.00011815501426932419
7,0.0,0.1541065134204857,0.06325402196827007,0.08941979471503468,0.0006293023129208318,0.007803383500729474,0.0,0.0
8,0.0,0.19558949851781235,0.15860674199017022,0.06814968490858338,0.0026187280540569185,0.02231785590896225,0.0,0.004088319096454183
9,0.0,0.21640499397335414,0.09116081072963879,0.057481699228865056,0.001300707386933379,0.011301761142027057,0.0,0.0008235707921970663
