,Ceramide 2,Ceramide 3,Lactic Acid,PCA,Uric Acid,Urea,Melanin,Cholesterol
1,0.0,0.098272008005199,0.11658696195398614,0.12613113158494513,0.0,0.0815942678157958,15.779046060826271,0.0
2,0.0,0.0,0.17230002040629705,0.20956309758723274,0.0,0.11474645527315337,19.09499528044792,0.0010905938466323078
3,0.0,0.1144969916863494,0.08432716664033534,0.21657283690848267,0.0,0.07097566030646653,12.725019365735948,0.0037961789333366934
4,0.0,0.12513253542436314,0.02361212550395769,0.1662285445335879,0.0,0.05512765891935228,14.297182813164719,7.905224874223338e-05
