,Ceramide 2,Ceramide 3,Lactic Acid,PCA,Uric Acid,Urea,Melanin,Cholesterol
1,0.05563724378397244,0.25131030828541817,0.08594300017896943,0.04316161563081206,0.0,0.03740146812058606,0.0,0.012833798345379148
2,0.0,0.30951253726663597,0.13104366593485295,0.06746893494450779,0.0007952413298052163,0.02683438152915672,0.0,0.010380162883998184
3,0.0,0.29259031903257243,0.09799849136236116,0.13778513848977222,0.00026154768286053493,0.03602839456924274,0.0,0.010405795067451705
4,0.0,0.2895000628607767,0.05528076914691885,0.1519189995043897,0.0005473008389290251,0.03619659841289303,0.0,0.007422096369787021
5,0.0,0.2992664739905967,0.0343059614529028,0.12525441953080765,0.0021752559567725046,0.021431703132789165,0.25870791239491003,0.006005875588011104
6,0.0,0.24193780169574497,0.04001305088355596,0.12186079272729661,0.0,0.023030441527550377,0.6896754348588483,0.004670052399028902
7,0.0,0.29691770846239257,0.03408454628327338,0.1324227425852456,0.00029965068565252336,0.03923307173698964,2.179926382629928,0.004722407674075453
8,0.0,0.48576124866097986,0.5998911939649959,0.1956201645700545,0.01108127800803651,0.12910930980963697,4.920212551487506,0.01777935746829513
9,0.0,0.34913521537555964,0.2060850769965144,0.09352473401698605,0.0035914540834073544,0.06907146328296651,0.0,0.012315466723644987
