,Ceramide 2,Ceramide 3,Lactic Acid,PCA,Uric Acid,Urea,Melanin,Cholesterol
EC026,0.0,0.1095511888628832,0.17588107228981759,0.08499372187056534,0.009194738230003073,0.016163248771252227,0.0,0.004859302231311506
