,Ceramide 2,Ceramide 3,Lactic Acid,PCA,Uric Acid,Urea,Melanin,Cholesterol
1,0.0,0.1146362968417336,0.19783438496702654,0.08855987805506585,0.009726524303671406,0.02040896889858438,0.0,0.005631772493144261
2,0.0,0.10446608088403281,0.15392775961260863,0.08142756568606482,0.00866295215633474,0.01191752864392007,0.0,0.00408683196947875
