,Ceramide 2,Ceramide 3,Lactic Acid,PCA,Uric Acid,Urea,Melanin,Cholesterol
EC007,0.0,0.1616208476134958,0.11378493016508642,0.16443877973938056,0.003781871797636254,0.04836864592561269,9.694410747410494,0.0003954245324907052
