,Ceramide 2,Ceramide 3,Lactic Acid,PCA,Uric Acid,Urea,Melanin,Cholesterol
1,0.0,0.16161287615169204,0.1461351118344312,0.13535899067413906,0.0030229879611311963,0.0532097118392825,11.67193384781363,0.0
2,0.0,0.15913374966614557,0.12196173730534669,0.1871705383404432,0.006846554831408947,0.04415328381365861,12.2754239580986,0.0015785796690005883
3,0.0,0.19500677275633463,0.0786566862641675,0.1119665131525257,0.00609500717672783,0.03731125186414004,7.098635750178356,0.0019802411234157583
4,0.0,0.14244561895776095,0.12044681132565048,0.157985989466035,0.006222999273645054,0.04052805195672555,7.4153945783018,0.0
5,0.0,0.20240187006688312,0.07067821453753209,0.15761444725937337,0.0,0.055946159664029486,10.163814159100662,0.0
6,0.0,0.1418441020911088,0.11409930639026597,0.1987850784330254,0.0,0.04225206637722641,9.256307635449941,0.0
7,0.0,0.21921155586502755,0.0434337137839648,0.19639449356585312,0.004779225556744315,0.030628070467744337,11.39940153403429,0.0
8,0.0,0.07596284984194139,0.21879900327813248,0.1976186639724198,0.003995875558562444,0.07640756222045568,9.848866999673294,0.0
9,0.0,0.1569682331245678,0.10985378676628653,0.13705430279061037,0.0030741958205064953,0.054881655127251634,8.119918264043882,0.0
