,Ceramide 2,Ceramide 3,Lactic Acid,PCA,Uric Acid,Urea,Melanin,Cholesterol
EC006,0.0,0.24763572954359145,0.08246568099059405,0.056493389560167376,0.0004501949627426075,0.00039258098099271817,0.0017185025291866578,0.003102610437103952
