,Ceramide 2,Ceramide 3,Lactic Acid,PCA,Uric Acid,Urea,Melanin,Cholesterol
H017,0.0,0.16303551672852842,0.024082399146145735,0.13420822983985636,0.0006055738344447036,0.041439929894679046,10.436459566798662,0.0009331803400526778
