,Ceramide 2,Ceramide 3,Lactic Acid,PCA,Uric Acid,Urea,Melanin,Cholesterol
1,0.0,0.22680706814529691,0.08295735265321583,0.08794785524473622,0.0,0.030133481519844827,3.786344825324106,0.0
2,0.0,0.23456173305207373,0.06801320621002788,0.11779643410577821,0.0,0.049546234278300336,5.889711203619539,0.00010962830879793148
3,0.0,0.21451271100089164,0.012224697776330467,0.10841504210131021,0.0,0.041404269954574725,9.333290651974602,0.0
4,0.0,0.12784175172307044,0.0,0.12563066893501912,0.0,0.02613375719553412,9.357514936970036,0.0
5,0.0,0.17814926196968994,0.09910787743056182,0.16801570852459913,6.205019179175536e-05,0.035573986113129855,13.527068493615776,0.0
6,0.0,0.16204572528394787,0.0,0.14448026331641314,0.0,0.06624671879693379,12.811837216704289,0.0
7,0.0,0.1918442192703361,0.12159393523412466,0.1030817365974142,0.0,0.027073510597883606,0.6212944491445999,0.0
8,0.0,0.23115613860370043,0.02889324162727708,0.1071973315170757,0.0012889064287989194,0.024078812338012054,2.803238290738608,0.0
