,Ceramide 2,Ceramide 3,Lactic Acid,PCA,Uric Acid,Urea,Melanin,Cholesterol
H002,0.0,0.2626798348876459,0.04363105968876121,0.11330416676977827,0.0015062782364453312,0.02220879219334136,1.784697751559275,0.0028098206362583075
