,Ceramide 2,Ceramide 3,Lactic Acid,PCA,Uric Acid,Urea,Melanin,Cholesterol
1,0.0,0.31183046474732246,0.04255185700981609,0.13924764036896098,0.0050075355106242525,0.02801309785267368,1.5931711059126619,0.004278446501412595
2,0.0,0.21109494838842138,0.04820517672287804,0.09174483440452257,0.0,0.020396393296808323,1.893705174630512,0.00264067746104116
3,0.0,0.20998835899699653,0.01948594281664201,0.11128556178544896,0.0007012996286412824,0.01900378245164988,2.5963869462662625,0.0012165691933195728
4,0.0,0.2950030017871469,0.05022869904890101,0.12824565604283839,0.004571741030439416,0.01587011032543082,2.403836437363652,0.0040751886925313495
5,0.0,0.2513992448179933,0.03733225065144709,0.14028776963026976,0.0,0.04081506855017386,2.414841812118354,0.0037652672069834266
6,0.0,0.2724643753210437,0.09702848735854012,0.08785818928047978,0.0,0.015416228296321999,1.331560522331694,0.0018852892188952711
7,0.0,0.28697845015459705,0.010585004213104092,0.09445951587592745,0.000263371485412367,0.01594686458033094,0.25938226229178957,0.0018073061796247778
