,Ceramide 2,Ceramide 3,Lactic Acid,PCA,Uric Acid,Urea,Melanin,Cholesterol
1,0.0,1.0071701981435093,1.6702820325988952,1.2531476498031058,0.03959888532617433,0.13157410383982907,58.10870787853867,0.0
2,0.0,2.156342261004101,3.1465774057059175,2.243275249327971,0.10021328635278526,0.16456661084465715,109.8932983625346,0.0
