,Ceramide 2,Ceramide 3,Lactic Acid,PCA,Uric Acid,Urea,Melanin,Cholesterol
EC068,0.0,0.26758101795874606,0.054560637762865266,0.1116804486295354,0.0003190131576520157,0.029850038128519253,7.295469748074604,0.0024233824462731985
