,Ceramide 2,Ceramide 3,Lactic Acid,PCA,Uric Acid,Urea,Melanin,Cholesterol
H020,0.0,0.13402325691934627,0.07838301755466032,0.18372422801821184,0.0003170098484557494,0.07601961051320523,24.039177809503116,0.0
