,Ceramide 2,Ceramide 3,Lactic Acid,PCA,Uric Acid,Urea,Melanin,Cholesterol
EC068,0.002988803371693331,0.44663343551900986,0.12766499930403935,0.07263127246109487,0.0004927985779179135,0.005468922183136632,0.020222081729850887,0.0012641477491912797
