,Ceramide 2,Ceramide 3,Lactic Acid,PCA,Uric Acid,Urea,Melanin,Cholesterol
1,0.0,0.40627467861807287,0.14236669459894746,0.07125395826539294,0.00022223529721227686,0.0,0.0,0.0005807524008101681
2,0.0,0.4443189163160032,0.10872427443372286,0.040807414131980455,0.0,0.010888018165414943,0.0,0.0009987306787364696
3,0.0,0.4977795366898506,0.11777357308388255,0.07325222000363647,0.0,0.0066486980164466485,0.0,0.004848875924625517
4,0.017932820230159987,0.46862025650447453,0.12695624560419277,0.06592325435087802,0.0,0.0,0.0,0.0011565274909755249
5,0.0,0.47404475187236567,0.13534156976189846,0.10668503978014089,0.0027345561702952046,0.002685203481972186,0.12133249037910533,0.0
6,0.0,0.38876247311329254,0.13482763834159206,0.0778657482345404,0.0,0.012591613434986012,0.0,0.0
