,Ceramide 2,Ceramide 3,Lactic Acid,PCA,Uric Acid,Urea,Melanin,Cholesterol
H002,0.0,0.2257832077822799,0.09638889514582255,0.04890263062485615,0.0017010609021694525,0.008662512408400706,0.0,0.005388328726398189
