,Ceramide 2,Ceramide 3,Lactic Acid,PCA,Uric Acid,Urea,Melanin,Cholesterol
1,0.0,0.10706758777721734,0.093833023596194,0.10331395658824576,0.0,0.012923462992849436,4.398850817915771,0.0
2,0.0,0.12648356889987633,0.0638833342896798,0.10608678461017393,0.0,0.008669297338319212,4.825695514043155,0.0
3,0.0,0.17897802980413,0.025860740706298138,0.15771155359725866,0.0014171448592652537,0.0,4.711668797438244,0.0
4,0.0,0.1367224276068412,0.04007681913569213,0.08921770878760571,0.0,0.0,4.099899319854814,0.0
5,0.0,0.16597253818243518,0.028951830521914367,0.12373926425734663,0.0,0.024142642204447264,3.3030381324923876,0.0
