,Ceramide 2,Ceramide 3,Lactic Acid,PCA,Uric Acid,Urea,Melanin,Cholesterol
1,0.010438544608425762,0.15027437785981151,0.13465873439020684,0.039217310731743615,0.0046755618188446335,0.015356371642462991,0.0,0.009062635868486685
2,0.008332201948898194,0.21398372404456864,0.12062606036894791,0.04221542102905725,0.003454239909223045,0.02191911959739624,0.0,0.00882888567430777
3,0.04809373933005568,0.10767756535162387,0.1194437010745466,0.03241407718456576,0.0013481163158878867,0.02596066608888268,0.0,0.008243449879946898
4,0.0,0.15172466268646326,0.13827209207168104,0.06180766987698577,0.0022455501382883897,0.026013573167388428,0.0,0.005292727386117679
5,0.0,0.16596338427372945,0.07802799062686412,0.0573699899237811,0.002874773507218463,0.007372395300087837,0.0,0.004992507493711092
6,0.0,0.28886017423292865,0.10518160770600221,0.06344214162861798,0.0,0.046838580000400795,2.334709488878695,0.012478257051967928
7,0.0,0.17106853133355912,0.1045933103445644,0.051931979823477484,0.0,0.05247166106044901,4.102694102999546,0.0047408955940879335
