,Ceramide 2,Ceramide 3,Lactic Acid,PCA,Uric Acid,Urea,Melanin,Cholesterol
H002,0.0,0.2867215483833112,0.3298752670314439,0.13093922616790765,0.010503494806133398,0.038651060261877354,0.6886264744527105,0.0038706461859666034
