,Ceramide 2,Ceramide 3,Lactic Acid,PCA,Uric Acid,Urea,Melanin,Cholesterol
1,0.0,0.3218040853684263,0.46408959018185175,0.1913211586934512,0.013736274226333256,0.05630958443236067,1.377252948905421,0.004088326401283975
2,0.0,0.2516390113981961,0.19566094388103603,0.07055729364236409,0.007270715385933542,0.02099253609139403,0.0,0.0036529659706492318
