,Ceramide 2,Ceramide 3,Lactic Acid,PCA,Uric Acid,Urea,Melanin,Cholesterol
H047,0.0,0.3475377914159331,0.12323524020732426,0.14798710674746526,0.00198923643100386,0.0248865780246322,1.0210393101621904,0.010425065379423814
