,Ceramide 2,Ceramide 3,Lactic Acid,PCA,Uric Acid,Urea,Melanin,Cholesterol
1,0.0,0.34631035012377775,0.08800151154067348,0.13768674011051663,0.00150492005986093,0.024743058015305967,0.0,0.01457731845029368
2,0.0,0.2913171838623858,0.14224543227789924,0.16263544211224215,0.0022750207107564016,0.03584403492426914,0.728048945243364,0.014818473103785682
3,0.0,0.39271264773677766,0.14440526378624824,0.14157118649778508,0.002813193555621655,0.0350866018399906,2.22607167482347,0.0035906789991544783
4,0.0,0.35981098394079125,0.11828875322447605,0.1500550582693172,0.0013638113977764521,0.0038726173189630856,1.1300366205819279,0.008713790964461413
