,Ceramide 2,Ceramide 3,Lactic Acid,PCA,Uric Acid,Urea,Melanin,Cholesterol
1,0.0,0.16050991669748374,0.0950071543209277,0.0497459164667929,0.00011061180181284983,0.02485320352784432,0.0,0.0
2,0.0,0.19616778780100408,0.0605813509703787,0.03427136838785706,0.0,0.02587696041942515,0.0,0.0
3,0.0,0.16910540904028779,0.054509156886391776,0.05430376440169148,0.0,0.019269051351067285,0.0,0.0
4,0.0,0.17230896707417678,0.056188299776993654,0.048526971846258794,0.0009473292888188976,0.01988853531711036,0.0,0.0
5,0.0,0.1642826401912655,0.08941404272967796,0.06744028811847949,0.0004999561954170937,0.021563385569592208,0.039223396689966133,0.0
6,0.0,0.1628801432644007,0.023852947178910962,0.08073988480746223,0.0,0.015806698405751343,0.0,0.0
7,0.0,0.1673417171578723,0.06205386685599085,0.0737973315019013,0.0,0.0261550215626237,0.0,0.0
8,0.0,0.2445893219229218,0.1355444420847012,0.0682384237389458,0.0,0.04622454486192739,0.0,0.0
9,0.0,0.22553619504773784,0.06333140926959918,0.05292073660528226,0.0,0.03168681605340681,0.0,2.120341666582519e-05
