,Ceramide 2,Ceramide 3,Lactic Acid,PCA,Uric Acid,Urea,Melanin,Cholesterol
1,0.0,0.4135863379973233,0.2025014736350764,0.14638219674240288,0.00043831432856647533,0.02919798114232193,5.622029506061821,0.005230478385864539
2,0.0,0.3908569049050173,0.2048222834567648,0.08659540282234192,0.0,0.023121163972026144,2.405987164696777,0.0
3,0.0,0.5677511121745934,0.5092861621201765,0.16850559815079283,0.0,0.03119713947564951,3.9393375115161073,0.0033617421971320264
4,0.0,0.43124445158886565,0.8598980177452641,0.49035341853540937,0.008493639374671059,0.03751213043715721,22.37394142919214,0.0
5,0.0,0.37543123632870967,0.18105279759246806,0.08402327647221104,0.0,0.00999842368851016,1.4163447929823823,0.0033684453632987555
6,0.0,0.3339257383373729,0.214148262461089,0.09273581514325754,0.0004028130664735674,0.0,3.049553964036849,0.005947367972855986
