,Ceramide 2,Ceramide 3,Lactic Acid,PCA,Uric Acid,Urea,Melanin,Cholesterol
1,0.0,0.28936057315204206,0.33781572285960465,0.04637391154606593,0.0,0.0,1.353039804451539,0.0
2,0.0,0.2899958528810239,0.3281384663057142,0.041886628590875684,0.0,0.0045859872128034785,0.8244916912531224,0.0
