,Ceramide 2,Ceramide 3,Lactic Acid,PCA,Uric Acid,Urea,Melanin,Cholesterol
1,0.0,0.22697793713514755,0.05135638424781431,0.12183965358178094,0.0012775731463003886,0.0232833032629176,6.394428197798453,0.0005609353503028129
2,0.0,0.20663440846887612,0.009480575486325388,0.12923322082349667,0.0,0.010912961905104431,5.250830045606316,0.0
3,0.0,0.1849754688746905,0.04502882018050048,0.11899380332431961,0.0,0.02713255437141292,5.662728132123637,0.0
4,0.0,0.18287966186125224,0.018044965513310793,0.13205317517827778,0.0,0.029021339004768575,7.191542285903252,0.0
5,0.0,0.223856836757177,0.07286924698656552,0.18219860374040078,0.004891428548363774,0.03428443621859492,11.415704531083676,0.0
6,0.0,0.13524037898240387,0.05188932134045145,0.13550031515607033,0.0,0.03226755184883032,9.245438355689759,0.0
7,0.0,0.17143529015807718,0.011710671702930915,0.18535233637423457,0.001019024566987144,0.05591591603238421,10.97431200597138,0.0
8,0.0,0.17722020805121103,0.03559545770449554,0.13474951335029317,0.0,0.018550736597261468,3.7433022142904515,0.0010028272174375838
9,0.0,0.19785509906259058,0.07021257926189267,0.11081556682546455,0.0,0.03832613556599914,6.195877012306507,0.0
