,Ceramide 2,Ceramide 3,Lactic Acid,PCA,Uric Acid,Urea,Melanin,Cholesterol
EC003,0.0,0.1467088454610534,0.05183635700257057,0.07338436751592402,0.00010841342355218485,0.008633215072110892,2.7288809921433934,0.0018671740810705048
