,Ceramide 2,Ceramide 3,Lactic Acid,PCA,Uric Acid,Urea,Melanin,Cholesterol
1,0.0,0.22905229883423386,0.0092534336018857,0.11005140065398443,0.0,0.0349322765430907,11.885173161712496,0.00394225170082008
2,0.0,0.16524073016389512,0.03364372461240106,0.14824050216799153,0.0,0.05181825118316725,11.748898510405784,0.008023221963210652
3,0.0,0.23068932971184644,0.06600736798051472,0.10698328588196522,0.0,0.009734523568242311,6.571350484206936,0.0045947060537235695
4,0.0,0.18770709257517235,0.023265147966523504,0.12605832989326138,0.0,0.02673875376310542,11.655100678258288,0.008441636924933195
