,Ceramide 2,Ceramide 3,Lactic Acid,PCA,Uric Acid,Urea,Melanin,Cholesterol
H045,0.033617982535074475,0.24657211796738362,0.09665519563019725,0.0923324670082231,0.010251199582034503,0.015296089691768862,0.03741150707830539,0.010195197984805183
