,Ceramide 2,Ceramide 3,Lactic Acid,PCA,Uric Acid,Urea,Melanin,Cholesterol
1,0.06761357205811486,0.21796218282975513,0.0672016645836788,0.044038759177478785,0.01547115618957972,0.0,0.0,0.011486401581781604
2,0.11975320194484732,0.12385496595362593,0.06946806152404857,0.08236387664052208,0.010661420144368277,0.00027080339046371726,0.0,0.012150380446735326
3,0.0,0.22167609650661654,0.08134109183022593,0.04182722106300494,0.0013843154018923804,0.025981313085936913,0.0,0.0038605937637389604
4,0.0,0.38097824103100536,0.03954685204795479,0.15357051320144738,0.010478170339924304,0.020451567758600343,0.0,0.011342056530872311
5,0.0,0.27976554118651836,0.03732538847680835,0.11423295651083029,0.0,0.022942273140105916,0.0,0.005399176955468446
6,0.0,0.3041766897823682,0.07606118208051478,0.11740564037103482,0.0037786900754726857,0.027790633260575483,0.2992920566264431,0.007003946714934335
7,0.0,0.2533806335981065,0.23396778925033956,0.07018603144730644,0.01827288266603879,0.014337945226818985,0.0,0.01207902254784866
8,0.0815770862776336,0.19078259285107327,0.16832953524800728,0.11503473765416003,0.021962961838999873,0.010594181671649532,0.0,0.018240005337061826
