,Ceramide 2,Ceramide 3,Lactic Acid,PCA,Uric Acid,Urea,Melanin,Cholesterol
1,0.0,0.1763111084290118,0.039323179843072965,0.10556798286522219,0.0,0.004823817883643382,4.631534949270737,0.0
2,0.0,0.11610053628931041,0.08782504522648331,0.09439606448291184,0.0,0.019835832364585314,3.2464890025484623,0.0
3,0.0,0.22014233573924052,0.0,0.10490481957426537,0.0,0.011365340233268212,5.014950051604777,0.0
4,0.0,0.19872796561097916,0.0,0.11244861212756431,0.0,0.0036737291223495156,6.26446082290786,0.0
5,0.0,0.2158936102822772,0.0,0.12846337967864715,0.0003304022398889636,0.009232504698271768,6.645575155963959,0.0
6,0.0,0.19020797903271558,0.02591360825530485,0.1025988245373007,0.0,0.020088934243077127,4.598482770514405,0.0
7,0.0,0.1774137950208604,0.018496305122678212,0.11302164731884662,0.0,0.0,3.7000372469608145,0.0
