,Ceramide 2,Ceramide 3,Lactic Acid,PCA,Uric Acid,Urea,Melanin,Cholesterol
1,0.0,0.21615498903009023,0.01470769189709154,0.05667856298445165,0.0,0.009612454462126238,0.0,0.0037737672196341237
2,0.0,0.18539163963434646,0.05322835576346461,0.06383584459479569,0.0,0.015670365724360952,0.0,0.008005272473297078
3,0.0,0.1999017385329057,0.06039456325607953,0.05560714476297829,0.0007907912884601894,0.011531583980812889,0.0,0.006983643042505959
