,Ceramide 2,Ceramide 3,Lactic Acid,PCA,Uric Acid,Urea,Melanin,Cholesterol
H001,0.0,0.4357094844712476,1.070547745144886,0.4248397215909577,0.025611785364446027,0.20886437421251144,29.75399349393217,0.0201816957790558
