,Ceramide 2,Ceramide 3,Lactic Acid,PCA,Uric Acid,Urea,Melanin,Cholesterol
1,0.0,0.2747956124469356,0.0018971023880074048,0.13492068721974307,0.000803756353536743,0.0018609272105626928,0.13395874339405126,0.0
2,0.0,0.24885297261281586,0.0830750318440274,0.10531338327928363,0.0020158256638071804,0.014001226346975098,0.43614071680611777,0.003222253924934016
3,0.0,0.17639347336130087,0.10874421442256307,0.0727683282864265,0.0,0.016280033653003935,1.1884092886183861,0.0001973459132688655
4,0.0,0.23900939034471122,0.037920684944543814,0.10598377580824818,0.0,0.015190606056962508,0.8550782400189991,0.0
