,Ceramide 2,Ceramide 3,Lactic Acid,PCA,Uric Acid,Urea,Melanin,Cholesterol
H011,0.0,0.19340304995153493,0.04670366274289965,0.15750032615153586,0.0,0.057609011768708945,10.003888968132191,0.0011058373000666015
