,Ceramide 2,Ceramide 3,Lactic Acid,PCA,Uric Acid,Urea,Melanin,Cholesterol
1,0.0,0.2308978527764311,0.05138245546425813,0.1514604836685994,0.0,0.05151423348619031,9.994365695158866,0.0
2,0.0,0.15590824712663875,0.04202487002154118,0.1635401686344723,0.0,0.06370379005122757,10.013412241105517,0.002211674600133203
