,Ceramide 2,Ceramide 3,Lactic Acid,PCA,Uric Acid,Urea,Melanin,Cholesterol
EC001,0.0,0.21129822626317474,0.2540513060127175,0.2574395999952622,0.012192618012217915,0.0543671349243465,6.3240916893933585,0.007779638362410746
