,Ceramide 2,Ceramide 3,Lactic Acid,PCA,Uric Acid,Urea,Melanin,Cholesterol
1,0.0,0.24124203500572167,0.039122491463102524,0.15053068312173568,0.0,0.04799700150070659,20.685029587191167,0.0
2,0.0,0.09794965019875611,0.09452710624075712,0.14320198505203716,0.0,0.04822459261814036,14.753425894970777,0.0
3,0.0,0.09768947234703915,0.06474124281944726,0.1831961492957187,0.0,0.057330371267275686,22.551885144052143,0.0
4,0.0,0.11016116660259632,0.2761633928907941,0.30720512896222857,0.0033586925324837775,0.07312199834526976,28.19007197835037,0.0
5,0.0,0.0952169477935908,0.13812588698816963,0.21387880737260415,0.0,0.08714535478585106,24.568261613757887,0.0
