,Ceramide 2,Ceramide 3,Lactic Acid,PCA,Uric Acid,Urea,Melanin,Cholesterol
H031,0.0,0.22347328110420425,0.06772068197352314,0.09057715414005073,0.0,0.030921861497890096,1.6841666583741288,0.0025797511426565657
