,Ceramide 2,Ceramide 3,Lactic Acid,PCA,Uric Acid,Urea,Melanin,Cholesterol
1,0.0,0.2085219935125896,0.06902761372141843,0.10034249476299163,0.0,0.032667284905149876,2.962205765933119,0.0
2,0.0,0.24388945948784754,0.06918971984289932,0.09105527566476025,0.0,0.03021093699044516,0.9007595266533681,0.00592175165301051
3,0.0,0.21800839031217553,0.06494471235625167,0.0803336919924003,0.0,0.029887362598075246,1.1895346825358988,0.0018175017749591878
