,Ceramide 2,Ceramide 3,Lactic Acid,PCA,Uric Acid,Urea,Melanin,Cholesterol
1,0.0,0.34241416885366543,0.6012494750665033,0.2674020403063319,0.01271321939019002,0.0713303882567724,13.710445828609265,0.0
2,0.0,0.2171960666111301,0.40413379691666634,0.18163549540814744,0.005398707358747714,0.06566305110060656,11.578315198539148,0.0
3,0.0,0.17338752194470256,0.43592182094305143,0.18776599402386737,0.003556666649365654,0.049841709946074564,12.279417106545122,0.0
4,0.0,0.15577438216973055,0.4054294724774908,0.1538722579864504,0.0030300990253836384,0.025056590561148614,11.2634240992121,0.0
5,0.0,0.21869870432005506,0.42082748093892836,0.23814596044466105,0.006810239892526619,0.032491795091808974,10.567465136341257,0.0002066816665955031
6,0.0,0.5294583447906439,0.6768574222479327,0.3277071845313258,0.016006486007441763,0.08173840132183836,18.6032178643777,0.001355506992179946
7,0.0,0.4256302523353115,0.682813955333663,0.24728402316158432,0.01728107673651059,0.06202946572020783,15.269069029174549,0.0013583175683220547
