,Ceramide 2,Ceramide 3,Lactic Acid,PCA,Uric Acid,Urea,Melanin,Cholesterol
H004,0.0,0.32048969378909964,0.12135292693559996,0.1043252827299031,0.0,0.0628746450967436,2.1795010138092774,0.00762462060554512
