,Ceramide 2,Ceramide 3,Lactic Acid,PCA,Uric Acid,Urea,Melanin,Cholesterol
1,0.0,0.3309403671104192,0.13980924175705828,0.0967084339581644,0.0,0.07345056333332153,3.3191995982979807,0.009038951287032308
2,0.0,0.31003902046778015,0.10289661211414165,0.1119421315016418,0.0,0.05229872686016568,1.039802429320574,0.006210289924057932
