,Ceramide 2,Ceramide 3,Lactic Acid,PCA,Uric Acid,Urea,Melanin,Cholesterol
H001,0.0,0.35029923091987947,0.13930132612525656,0.10268170160116592,0.0014973755740292525,0.02896273203325918,1.6312176833995353,0.007341942203318725
