,Ceramide 2,Ceramide 3,Lactic Acid,PCA,Uric Acid,Urea,Melanin,Cholesterol
1,0.0,0.3610425026374055,0.1365812035165112,0.1101187444624772,0.00207847822388335,0.0013451310111917384,0.0,0.01067930092747527
2,0.0,0.37216802119205905,0.15643783759786886,0.10255236506521086,0.002578014045466686,0.030739439093847867,1.0193362024924575,0.006540779696869315
3,0.0,0.3133680076527206,0.15291959508073236,0.13240134497717895,0.0028611385963808874,0.03064888573687109,3.250906211808097,0.007740013307911696
4,0.0,0.36628889661228475,0.0748750695834468,0.09241760015382144,0.0,0.03723014429394032,2.319877592550925,0.007891952163669403
5,0.0,0.3531125356643521,0.07484955307066742,0.11016685765588792,0.0,0.033855223199786594,3.268859490396382,0.007564488567734909
6,0.0,0.32725811875091104,0.1433302985470292,0.1081552251497275,0.0021878120407562915,0.04475944049201391,2.0582303858887503,0.004439116652310573
7,0.0,0.31717459502685147,0.13074806664096,0.09320421608642421,0.0013057929804711054,0.049792730171505525,2.5176363139510225,0.002015127381123821
8,0.0,0.35732178468099673,0.2123039082462192,0.0884039713427953,0.001672833982862032,0.022513867600045902,0.24611295350818332,0.01051218583801104
9,0.0,0.3849586160613337,0.17166640284387383,0.08671498951696985,0.0007923102964429212,0.00977972670012966,0.0,0.0086945152947625
