,Ceramide 2,Ceramide 3,Lactic Acid,PCA,Uric Acid,Urea,Melanin,Cholesterol
1,0.0,0.24208967531610978,0.05339211246364159,0.22573425596771773,0.008053907477209517,0.013620146638739573,5.546041937079229,0.014243934644364294
2,0.0,0.21481488108797342,0.0,0.08291066005602041,0.0,0.0223078825023938,2.6130986894825035,0.00024152220059634133
3,0.0,0.17604293835361146,0.003169046999945992,0.0789862737764921,0.0,0.022604181088086057,2.764738647403235,0.0
4,0.0,0.16860559270942868,0.0,0.08360236334876114,0.0,0.02509362762930091,2.7189672297439094,0.00302542170104941
