,Ceramide 2,Ceramide 3,Lactic Acid,PCA,Uric Acid,Urea,Melanin,Cholesterol
1,0.0,0.1993726372492373,0.17412060618009517,0.10907677090588606,0.0,0.01125830770190784,0.7480467780563234,0.0
2,0.0,0.21253229287403402,0.10017943604548697,0.13071836068400386,0.0011847235122441695,0.006822333344545751,1.5527555615407047,0.0
3,0.0,0.25843965659972784,0.1691705417010957,0.11609530660541395,0.002546205636722854,0.02126433599745753,0.7404847634865593,0.0
4,0.0,0.21591552747048381,0.17512156458366004,0.10715597518953174,0.0009614213756069159,0.028074801600856545,2.0631889365051013,0.0
5,0.0,0.2407401771231904,0.13852343545267212,0.10092632275617834,0.0006189810234902747,0.0239012182007405,1.6943582189005806,0.0
6,0.0,0.15521965609991395,0.11885808501562474,0.09839930300868217,0.0,0.02127083737834644,0.4068427651655957,0.0
7,0.0,0.19551419525737426,0.07516638625733982,0.10717515047423674,0.0,0.011562815651458431,1.4129531322601792,0.0
8,0.0,0.1989056563224124,0.17775331488876997,0.11223811807495326,0.0,0.027188185760310353,2.0568917229484813,0.0
9,0.0,0.20205444652798385,0.24027363897603615,0.13132354557626655,0.002456394837449684,0.03418566774034809,2.456351171609303,0.0
