,Ceramide 2,Ceramide 3,Lactic Acid,PCA,Uric Acid,Urea,Melanin,Cholesterol
EC006,0.0,0.256499041038929,0.1313045230618076,0.1162247739540454,0.0009348775511090901,0.009527828092102904,4.693514402441558,0.003941315317405109
