,Ceramide 2,Ceramide 3,Lactic Acid,PCA,Uric Acid,Urea,Melanin,Cholesterol
1,0.0,0.2584413341598548,0.13124680091038607,0.10547996290539688,0.0,0.003761311975177906,4.1593629890980175,0.005659528840177333
2,0.0,0.25448031410954963,0.11940630683604338,0.12329181638365275,0.0,0.013675545073859244,4.651084736106133,0.004814571640721414
3,0.0,0.28087229396254937,0.1247690769763795,0.11485821759402232,0.0017703087713154056,0.0049500035242857855,3.7319128469159173,0.0007049386413164982
4,0.0,0.25920550646397966,0.07578294398655495,0.08551429461437748,0.0,0.009994610057586981,3.894954930156119,0.004938667830846901
5,0.0,0.23693340163974602,0.13059186715994917,0.0981695421096343,0.003604360324218013,0.0,6.184112851068603,0.0010346052211999432
6,0.0,0.2160548280233614,0.0696923986461395,0.11482246779639824,0.0003401210748366916,0.02370864602995113,4.806831007984952,0.0027078552721774975
7,0.0,0.21974778575802761,0.08572143641713836,0.12028191636226292,0.00052906359762589,0.004559293413394608,5.992160296886731,0.004953059833564743
8,0.0,0.2844518019569977,0.24276816107276042,0.15101955310090848,0.0,0.012331216375461074,4.024045702621997,0.008000459692408127
9,0.0,0.2983041032762952,0.2017617155509167,0.1325851947197552,0.0021700441919858117,0.012769826379209403,4.797164261135551,0.002658150884233524
