,Ceramide 2,Ceramide 3,Lactic Acid,PCA,Uric Acid,Urea,Melanin,Cholesterol
H035,0.0,0.25558552205830215,0.0029457971366620983,0.1015254800473826,0.0002910435133707601,0.012455135347099106,3.3719999380867813,0.002262543073047121
