,Ceramide 2,Ceramide 3,Lactic Acid,PCA,Uric Acid,Urea,Melanin,Cholesterol
1,0.0,0.2602794479134495,0.0,0.0755650116754436,0.0,0.002503763400217366,1.836655084242543,0.0010906922446500481
2,0.0,0.24788884716383922,0.012566067570229518,0.10323761089893567,0.0,0.009607755798174581,2.087053210447202,0.0020203064512992397
3,0.0,0.2525145299722825,0.0,0.10616156045125331,0.0,0.007987062932987246,3.589482509703062,0.0036791906523275233
4,0.0,0.2424711562160274,0.0,0.08056555700569908,0.0,0.014648157262605974,3.967051508132819,0.0
5,0.0,0.2347923548237269,0.0,0.11923515138440932,0.00014952045602325786,0.007269765709580255,5.562370655992596,0.0
6,0.0,0.2223431992683581,0.0,0.14012112255416037,0.0005155102738318871,0.034779692940154955,7.0678582563527295,0.004198601861834693
7,0.0,0.27492868080020294,0.0,0.14691409333500294,0.001954360890481696,0.006390653284827862,5.755803147727431,0.0
8,0.0,0.27413035841869393,0.007226807915017545,0.07351513095465209,0.0,0.01674977700840353,0.0,0.005794513624036472
9,0.0,0.2909211239481393,0.006719298744711821,0.068414082166887,0.0,0.012159589786940183,0.48172507018265215,0.003579582823276115
