,Ceramide 2,Ceramide 3,Lactic Acid,PCA,Uric Acid,Urea,Melanin,Cholesterol
H015,0.0,0.18030306180076422,0.08651155575171816,0.12582520190052243,0.000787336409065536,0.01767546897028486,2.2559853565539836,0.0012617700423657066
