,Ceramide 2,Ceramide 3,Lactic Acid,PCA,Uric Acid,Urea,Melanin,Cholesterol
1,0.0,0.18859056332268795,0.06977193104279959,0.11036786564401929,0.0,0.014303531544733076,2.0341845200145694,0.0
2,0.0,0.22693909917632255,0.026635718033000556,0.10964943786620604,0.0,0.014374792127492882,4.335900033561739,0.0
3,0.0,0.1287271481569072,0.07647414916985841,0.1359410512559585,0.0,0.020288515053076012,3.7434126104813576,0.0
4,0.0,0.1862117457079002,0.15000147929050095,0.13285878227490933,0.00393668204532768,0.01757681121233135,0.0,0.0024443843464678453
5,0.0,0.1710467526400031,0.10967450122243125,0.14030887246151888,0.0,0.021833694913790978,1.1664296187122523,0.0038644658653606873
