,Ceramide 2,Ceramide 3,Lactic Acid,PCA,Uric Acid,Urea,Melanin,Cholesterol
1,0.0,0.16712588100656062,0.07722191479532495,0.13780045708826272,0.0,0.056905227450352,6.312018764011272,0.004918281268353952
2,0.0,0.1602495548604265,0.1432456683289934,0.15576237460418846,0.0,0.0493830150958253,4.460678611002361,0.001978355658424477
3,0.0,0.12794001348476502,0.197973580133956,0.15633068297378866,0.0,0.10962748729484552,9.84916386089675,0.00048119319667015
4,0.0,0.12068578378342362,0.22685161570997303,0.09154904882017005,0.0,0.09053264136932086,8.36649832664373,0.0
