,Ceramide 2,Ceramide 3,Lactic Acid,PCA,Uric Acid,Urea,Melanin,Cholesterol
H046,0.0,0.3314702029226862,0.14432715152591705,0.10340785391032188,0.0020336979895489984,0.054571601381592984,1.7303751642973377,0.006810548149067007
