,Ceramide 2,Ceramide 3,Lactic Acid,PCA,Uric Acid,Urea,Melanin,Cholesterol
1,0.0,0.14745080376834455,0.0,0.13698019701226605,0.0,0.0806167631987613,18.69683980790223,0.002124302584615293
2,0.0,0.12715562558363758,0.08317634902326547,0.1555872375943657,0.0,0.0848842861239461,14.123196348858547,0.0
3,0.0,0.10335347444499655,0.06684922850878985,0.12244509869903407,0.0,0.05830999203825387,10.777814225564944,0.0
