,Ceramide 2,Ceramide 3,Lactic Acid,PCA,Uric Acid,Urea,Melanin,Cholesterol
1,0.0,0.2119404901389931,0.006152524834977119,0.109894122627076,0.0031855436372685204,0.02895685223294399,8.92902356681888,0.0030645562438771923
2,0.0,0.23642067982264375,0.02413281278060471,0.11811228112856946,0.0007954795812479272,0.031719092628591426,9.826964992268097,0.0
3,0.0,0.23489400902659627,0.018197636040588123,0.10349002652176087,0.0,0.03938429561049728,5.980764038452121,0.0006910087239751034
4,0.0,0.30013886650990584,0.03951482761751822,0.1836173245730881,0.00219256730696454,0.06525350379777847,8.19065731392013,0.011724585082580827
