,Ceramide 2,Ceramide 3,Lactic Acid,PCA,Uric Acid,Urea,Melanin,Cholesterol
1,0.0,0.11838711376711657,0.024744293576286644,0.07836148961547686,0.0011396845900830362,0.006196960699250233,1.2872629200917691,0.0
2,0.0,0.12948562801863248,0.04703650235439144,0.049458845780510456,0.0,0.03514137576700515,2.982809724167803,0.0
3,0.0,0.09998877548506659,0.025758198564481846,0.07150539360752221,0.0,0.030574182853792375,3.209877341508287,0.0
4,0.0,0.13329456863678926,0.008411498525155412,0.04293854596468849,0.0018543857384182422,0.012212657477185694,1.4419570088772358,0.0
