,Ceramide 2,Ceramide 3,Lactic Acid,PCA,Uric Acid,Urea,Melanin,Cholesterol
1,0.0,0.3423506144641461,0.006418918301546216,0.09507371002666282,0.0,0.014170686469403233,4.111627295157479,0.0060424813241422215
2,0.0,0.29034707942663335,0.19603095861846406,0.11029823600861849,0.00035375019441614205,0.0358635117855056,8.521800903103626,0.0024389153598279117
3,0.0,0.2915782457162748,0.13749586806294542,0.11131299786869654,0.0,0.04023633580986143,6.501098658468794,0.007525559788552646
