,Ceramide 2,Ceramide 3,Lactic Acid,PCA,Uric Acid,Urea,Melanin,Cholesterol
EC025,0.0,0.2714499396096421,0.12383210787036947,0.0971786780172211,1.1196600259534607e-05,0.022556453831861882,0.6753934038364517,0.0016312550034790405
