,Ceramide 2,Ceramide 3,Lactic Acid,PCA,Uric Acid,Urea,Melanin,Cholesterol
H014,0.0,0.19327742512097992,0.09076061292859972,0.0854794657366714,0.0,0.028560415397317795,0.6956067485363113,0.0008433337326203987
