,Ceramide 2,Ceramide 3,Lactic Acid,PCA,Uric Acid,Urea,Melanin,Cholesterol
H030,0.0,0.2225240353604877,0.06753187348151277,0.09314517641049566,0.004530419832401492,0.0012241874589620937,2.1459634548417017,0.005518208958376231
