,Ceramide 2,Ceramide 3,Lactic Acid,PCA,Uric Acid,Urea,Melanin,Cholesterol
1,0.0,0.20648482585989672,0.08171129117886484,0.094795949532668,0.004636354136647304,0.00024032021666023728,1.2545660222893498,0.007306169284194494
2,0.0,0.2385632448610787,0.053352455784160674,0.09149440328832331,0.00442448552815568,0.00220805470126395,3.037360887394054,0.0037302486325579685
