,Ceramide 2,Ceramide 3,Lactic Acid,PCA,Uric Acid,Urea,Melanin,Cholesterol
H015,0.0,0.16666998729240146,0.07209241338406919,0.14398440832897602,0.0,0.03173325801454185,4.295141681324887,0.0
