,Ceramide 2,Ceramide 3,Lactic Acid,PCA,Uric Acid,Urea,Melanin,Cholesterol
1,0.0,0.18984616924089145,0.06751553443370462,0.13028478473643862,0.0,0.03710507786544663,5.141299143540288,0.0
2,0.0,0.14349380534391146,0.07666929233443377,0.15768403192151342,0.0,0.026361438163637067,3.4489842191094873,0.0
