,Ceramide 2,Ceramide 3,Lactic Acid,PCA,Uric Acid,Urea,Melanin,Cholesterol
H008,0.0,0.2309858582750777,0.10694602565005863,0.10204631162369521,0.005779715488996671,0.020773750771161215,0.45387098324462194,0.004686892297497687
