,Ceramide 2,Ceramide 3,Lactic Acid,PCA,Uric Acid,Urea,Melanin,Cholesterol
EC069,0.03468579185877417,0.1377083368982118,0.04181997028404531,0.043007977860051186,0.0032256516107252923,0.001919883608918842,0.0,0.003940796627903644
