,Ceramide 2,Ceramide 3,Lactic Acid,PCA,Uric Acid,Urea,Melanin,Cholesterol
1,0.0,0.18292046361091893,0.024017762363495124,0.04240193548095685,0.002638356175557041,0.0,0.0,0.002075042255689791
2,0.0,0.19247405309193008,0.022830379178920567,0.05225050845653834,0.00194457437122768,0.0,0.0,0.0008340056723976275
3,0.06631684614561607,0.10460278334487386,0.0595542539873853,0.03749677775778269,0.004382911057371412,0.0006935515732331455,0.0,0.005014958131150878
4,0.07242632128948062,0.0708360475451243,0.060877485606380274,0.03988268974492688,0.003936764838745036,0.006985982862442223,0.0,0.00783918045237628
