,Ceramide 2,Ceramide 3,Lactic Acid,PCA,Uric Acid,Urea,Melanin,Cholesterol
1,0.0,0.28618284075470485,0.13507200586264426,0.08850832346555433,0.003372048017086288,0.0016639014181937838,0.0,0.0011084423531433306
2,0.0,1.2772875957612144,2.9062772629079197,1.9449351316913295,0.04797587046999217,0.0990504194323845,66.94587727906008,0.0
3,0.0,0.4542195856649174,0.24404295092454698,0.11952671438957382,0.0,0.03608166710263971,4.6351908248947336,0.0
4,0.0,0.7262843413076329,0.8007057788699603,0.7570371207482811,0.028972720077258513,0.03502287066821934,19.46667548453068,0.0
5,0.0,0.40426194817030225,0.552167257634465,0.3766281677813921,0.010895380033409915,0.0023292921147347206,13.967584925741015,0.0
6,0.0,2.0054488227959006,3.4328026806066663,1.2113891581587117,0.08303736113044771,0.26353106945292476,41.984180568637285,0.04492045314660469
7,0.0,0.6989253497985569,0.8305565217897298,0.30121234909729727,0.010508727463543116,0.06955542044231669,14.103544618035082,0.001023090067206231
