,Ceramide 2,Ceramide 3,Lactic Acid,PCA,Uric Acid,Urea,Melanin,Cholesterol
H012,0.0,0.13211006561512098,0.3622132791129271,0.21660930946870854,0.0038802784908735736,0.11868864072380511,15.185309706415847,0.0
