,Ceramide 2,Ceramide 3,Lactic Acid,PCA,Uric Acid,Urea,Melanin,Cholesterol
EC070,0.0026096221445298827,0.3276876267553762,0.1906802090669118,0.045691877114044266,0.0004451936243604864,0.04081237852715295,0.7661400979295612,0.0025346724701767534
