,Ceramide 2,Ceramide 3,Lactic Acid,PCA,Uric Acid,Urea,Melanin,Cholesterol
1,0.0,0.32144582748349854,0.1551194094210904,0.0409627819208032,0.0,0.012826146041050685,0.0,0.00197299803313071
2,0.02087697715623906,0.26987604861195025,0.11944334155100288,0.029027550659754615,0.0,0.004740857479713165,0.0,0.002947668629026735
3,0.0,0.3806438970353884,0.09236843234859511,0.038562892082358385,0.0,0.20792257961785593,0.0,0.0049080661606785226
4,0.0,0.3536161252250784,0.07041563832000308,0.04103034655285025,0.0,0.004858691036769261,0.0,0.0031237608965346384
5,0.0,0.32103126009994004,0.07300463654554643,0.04371840947313358,0.0,0.011389913860072888,0.0,0.0013543875749330923
6,0.0,0.3004434444473842,0.037383111315702974,0.05687191912888822,0.0,0.004047759125546524,0.0,0.0016780122680935285
7,0.0,0.2519519830472429,0.659555135908273,0.04530120151358297,0.0035615489948838913,0.05932598826414733,6.129120783436489,0.0
8,0.0,0.4224924280925267,0.3181519671250808,0.07005991558098293,0.0,0.02138709279206787,0.0,0.004292486199016803
