,Ceramide 2,Ceramide 3,Lactic Acid,PCA,Uric Acid,Urea,Melanin,Cholesterol
H010,0.02037690722810083,0.161222445753108,0.05906985374249469,0.04567521928016217,0.005017105927875206,0.00426976880659554,0.0,0.006978882674834568
