,Ceramide 2,Ceramide 3,Lactic Acid,PCA,Uric Acid,Urea,Melanin,Cholesterol
1,0.0,0.21033122821664207,0.03890168939529233,0.041423451910618074,0.006962244227191195,0.0,0.0,0.008311595502637884
2,0.0,0.16428602360872432,0.05327156786799829,0.03413571050484071,0.0003223116648860546,0.00971131443998153,0.0,0.003662232399149439
3,0.0686848652303181,0.09668446328190784,0.07930910724771736,0.047301166092943735,0.006522475003228429,0.007367760786400628,0.0,0.00821662027213071
4,0.012822763682085224,0.17358806790515782,0.06479705045897077,0.059840548612246136,0.0062613928161951455,0.0,0.0,0.007725082525420239
