,Ceramide 2,Ceramide 3,Lactic Acid,PCA,Uric Acid,Urea,Melanin,Cholesterol
H012,0.0,0.17473453059404867,0.09457302100280929,0.16081999151961718,0.007972535338701094,0.0422473873816674,8.797656841584566,0.0
