,Ceramide 2,Ceramide 3,Lactic Acid,PCA,Uric Acid,Urea,Melanin,Cholesterol
1,0.0,0.18452962557033237,0.09918789920938718,0.1465892638349082,0.00878120827716266,0.045951366662395986,9.555715515778038,0.0
2,0.0,0.16493943561776497,0.08995814279623139,0.1750507192043262,0.007163862400239528,0.038543408100938814,8.039598167391091,0.0
