,Ceramide 2,Ceramide 3,Lactic Acid,PCA,Uric Acid,Urea,Melanin,Cholesterol
H006,0.0,0.2505237399248578,0.025405719078144075,0.08804532124619892,0.001648945423701943,0.0,0.0,0.0016907247751939986
