,Ceramide 2,Ceramide 3,Lactic Acid,PCA,Uric Acid,Urea,Melanin,Cholesterol
1,0.0,0.2280499996359563,0.15610614503374926,0.07530240368141788,0.000748688465491349,0.01444478129252285,1.5196173525530834,0.004258535958539719
2,0.0,0.21024777463410968,0.14703917354976467,0.10029726876636658,0.0,0.019080372210171278,1.1615528840985354,0.0
3,0.0,0.20886129962502528,0.13100943369109533,0.08800739714850718,0.0015278362301256363,0.01019449401812679,1.8927237335900693,0.0003325487720014353
4,0.0,0.2322217663221802,0.057945828360815695,0.13890660095621588,0.0,0.015829694210953878,2.486224328722756,0.0
5,0.0,0.2956943917773454,0.36318361967144486,0.11932070232456965,0.0037100091509789266,0.02536988204290634,2.890648006256661,0.0
6,0.0,0.23827876183064053,0.2468726341729172,0.11108299811612952,0.0001556427661004608,0.028446020904747994,1.3819471749617236,0.0
