,Ceramide 2,Ceramide 3,Lactic Acid,PCA,Uric Acid,Urea,Melanin,Cholesterol
EC026,0.0,0.20185176258033366,0.043882101223230954,0.08610600627983626,0.0003694370796842291,0.011426122428482881,0.0,0.0037534085675979766
