,Ceramide 2,Ceramide 3,Lactic Acid,PCA,Uric Acid,Urea,Melanin,Cholesterol
1,0.0,0.1839687170351108,0.021971162523476633,0.09179233986385318,0.0,0.012872776278167724,0.0,0.0045338169494045545
2,0.0,0.21973480812555649,0.06579303992298527,0.08041967269581934,0.0007388741593684582,0.009979468578798039,0.0,0.0029730001857913987
