,Ceramide 2,Ceramide 3,Lactic Acid,PCA,Uric Acid,Urea,Melanin,Cholesterol
1,0.0,0.5790077700187924,0.5955873748726055,0.09372049050092715,0.0,0.09455598480849176,12.0954469639476,0.0
2,0.0,0.6681094524278526,0.6014223405036127,0.17864539914832175,0.0,0.033065046266866335,16.94789942515836,0.0
3,0.0,0.6047902228897737,0.6561005648407229,0.20185680632791023,0.0,0.06998615575217516,15.298185570164316,0.0
4,0.0,0.5948014786462902,0.45895979222177824,0.15615421148220512,0.0,0.039652855239983416,11.470280284877033,0.0
5,0.0,0.5376937199703362,0.5356886490735221,0.203756262266958,0.0,0.016890301843705473,10.513993729365625,0.0
6,0.0,0.7497954642774382,0.6149905414941877,0.16610783094005196,0.0,0.06990779829137651,15.319357211889,0.0
7,0.0,0.6422391136947423,0.4361325398678084,0.110171181977476,0.0,0.024735633432131334,12.250232431840814,0.0
8,0.0,0.6741800215117538,0.8459622094843438,0.232793671566463,0.0,0.027202486325440582,17.740010962620897,0.0
9,0.0,0.7875507686281792,0.9924787221217696,0.3307100948855841,0.0,0.1106652132964671,19.609671441915832,0.0
