,Ceramide 2,Ceramide 3,Lactic Acid,PCA,Uric Acid,Urea,Melanin,Cholesterol
H001,0.0,0.22555049625867424,0.07580839815940094,0.14340586883843037,0.0009069829236982701,0.03255234868289388,2.7884119164180867,0.0031521308799233316
