,Ceramide 2,Ceramide 3,Lactic Acid,PCA,Uric Acid,Urea,Melanin,Cholesterol
1,0.0,0.20955078504307878,0.10050466771847105,0.14476272211909835,0.0,0.038255143655797234,1.407153915376531,0.005541812812150242
2,0.0,0.1803937715679905,0.0846737062679068,0.11373691112456372,0.0,0.04709600172643968,1.2807163179840046,0.0016553491876497653
3,0.0,0.21164214768661505,0.08415561519313738,0.13644444743031997,0.0008587123184242932,0.026619119483824477,1.6177902280195668,0.003548420963708754
4,0.0,0.23577153735944342,0.058185042310694476,0.1418737345537031,0.0,0.008974398131325114,2.5026204939598022,0.0
5,0.0,0.2842707015875696,0.01820896389105026,0.15669605683354423,0.0,0.03402525138973205,3.655444066495183,0.0
6,0.0,0.26345497682018565,0.0890417666897261,0.20161775669254206,0.005210804744224146,0.010734749922119839,3.8868268028674513,0.0006587743596037445
7,0.0,0.2760324137269629,0.08688550220982641,0.14117052926898052,0.002093329250635991,0.061758473923982996,6.393410071302886,0.0054506255069364795
8,0.0,0.16013823569669813,0.09527488371175749,0.11870338323267093,0.0,0.026654926371577237,1.856992736986902,0.0053117742768530336
9,0.0,0.208699896839524,0.06534543544203844,0.1356472782904503,0.0,0.03885307354124627,2.494752614770451,0.006202420812407969
