,Ceramide 2,Ceramide 3,Lactic Acid,PCA,Uric Acid,Urea,Melanin,Cholesterol
1,0.0,0.2659508924920621,0.020352123509898096,0.045089611026813935,0.0,0.019054077537738145,0.0,0.0027118324752013
2,0.0,0.23374156739538096,0.052001457268773546,0.05057233963498577,0.0,0.01795500054257822,0.0,0.0022719699804695497
3,0.0,0.2510456693384564,0.00736502105543204,0.07093190851442654,0.0,0.02482002316970525,0.0,0.0016017946322842305
4,0.0,0.2319700153342435,0.044559426219425144,0.0655686081179696,0.0,0.03781968565564399,0.2770290734305266,0.003380948051364
5,0.02365418151680639,0.25478654955277735,0.08471659252854569,0.0357262664894684,0.0021711457319196306,0.023104854769284165,0.0,0.008872620088863232
6,0.0,0.31083753735362263,0.056662992094619856,0.04665991887349773,0.003292099256368235,0.014055253067878597,0.0,0.0063376609046198445
