,Ceramide 2,Ceramide 3,Lactic Acid,PCA,Uric Acid,Urea,Melanin,Cholesterol
H010,0.000954394798233294,0.23131321276555855,0.03524854810731164,0.07540998901020686,0.0028012497160661625,0.0038058436610995294,0.0,0.0016383105321239955
