,Ceramide 2,Ceramide 3,Lactic Acid,PCA,Uric Acid,Urea,Melanin,Cholesterol
1,0.0,0.23950744902812235,0.061623586350797656,0.08253264788314844,0.0029495050860265533,0.009335954151084893,0.0,0.00200350126927415
2,0.0,0.23472430861224747,0.0044919146997030165,0.08660474091021703,0.0020423057828702516,0.005419536870781138,0.0,0.0031118532115322495
3,0.0,0.2543897956374644,0.007692709011944015,0.06902628999622414,0.0007305698602079078,0.0,0.0,0.0005008234593940888
4,0.0,0.21077920122931967,0.0,0.07442227338215628,0.0015801012671514349,0.0012874978949245525,0.0,0.0
5,0.0,0.2043981359117716,0.02837739166000023,0.07094105453889273,0.0007495421894817039,0.0020676953654296384,0.0,0.0
6,0.0,0.2536076812078999,0.0,0.06834866430619445,0.000762306512512181,0.0,0.0,0.0
7,0.0,0.24294209164774955,0.0,0.10405470363507133,0.0,0.010035693021685131,0.0,0.0
8,0.0,0.20125129892180102,0.10331754112074266,0.08062948233000618,0.004851003418784683,0.002495221322475039,0.0,0.0009662336119733929
9,0.008589553184099647,0.24021895269365093,0.1117337901226172,0.042130044109951116,0.011545913327560746,0.00361099432351537,0.0,0.00816238323694208
