,Ceramide 2,Ceramide 3,Lactic Acid,PCA,Uric Acid,Urea,Melanin,Cholesterol
H029,0.0,0.22605842136878448,0.1371189602131442,0.12227379968797908,0.0007013658775194533,0.07062809256501303,1.3883794996956649,0.0008733022235901299
