,Ceramide 2,Ceramide 3,Lactic Acid,PCA,Uric Acid,Urea,Melanin,Cholesterol
1,0.0,0.22259362431546786,0.09568194599155372,0.09161941294364584,0.0,0.06274841636844905,2.9148507488510202,0.0
2,0.0,0.23947309523285534,0.21009492747869243,0.1594270086797625,0.0015243842170216642,0.0827292337364584,0.15618253638850949,0.001932418738861268
3,0.0,0.21610854455803016,0.10558000716918646,0.1157749774405289,0.0005797134155366958,0.06640662759013166,1.0941052138474654,0.0006874879319091216
