,Ceramide 2,Ceramide 3,Lactic Acid,PCA,Uric Acid,Urea,Melanin,Cholesterol
1,0.0,0.19096661126801678,0.09989586264601451,0.16434045125887725,0.0,0.10572554419686735,17.640314034220054,0.0015276003048111458
2,0.0,0.0729416579659997,0.08284003333662632,0.11053974168422835,0.0,0.10702544749967328,15.720302092741388,0.0
3,0.0,0.25723260528808695,0.10895938976524222,0.1800825689227955,0.0,0.08279106701526454,10.468486849587796,0.0
4,0.0,0.2741527765042274,0.12407112442151919,0.16674807353001098,0.0,0.1055196355560763,15.646779346058803,0.0
