,Ceramide 2,Ceramide 3,Lactic Acid,PCA,Uric Acid,Urea,Melanin,Cholesterol
1,0.0,0.18898577755640047,0.02339771270530597,0.04911522014031117,0.0,0.009461408141463156,0.0,0.0
2,0.0,0.1916706641041218,0.04794047215155971,0.03044173841280899,0.0,0.01139055969238772,0.0,0.0
3,0.0,0.1861087852713778,0.0582670171685685,0.032470205289595315,0.0002757393021817706,0.011529567186274214,0.0,0.0010084419653321097
4,0.0,0.19737728959519488,0.05949694817062493,0.0521589093214228,0.0,0.014373778705899043,0.0,8.240641201773132e-05
5,0.0,0.22641787596526375,0.04231583271496132,0.0481948610309945,0.0,0.01748774617197429,0.0,0.0
6,0.0,0.20237760245542508,0.012264152500754518,0.06046643524649926,0.0007770820978099111,0.0006083172302985753,0.0,0.0
7,0.0,0.11400821760232753,0.18797801714298984,0.02510276331402744,0.0,0.054354429177445415,0.0,0.0
8,0.0,0.199986766522405,0.05929973492978728,0.04085438649087737,0.00029621354378181854,0.006462194485242209,0.0,0.0
