,Ceramide 2,Ceramide 3,Lactic Acid,PCA,Uric Acid,Urea,Melanin,Cholesterol
H007,0.0,0.22256449230407138,0.14098755036424496,0.15944870694857863,0.003975980154655337,0.04069262606672281,7.819975203048667,0.003108879874240134
